SET NAMES UTF8;
DROP DATABASE IF EXISTS badboy;
CREATE DATABASE badboy CHARSET=UTF8;
USE badboy;

-- 演出城市
CREATE TABLE cities(
    cid INT PRIMARY KEY AUTO_INCREMENT,
    city VARCHAR(200)
);
-- 1~11
INSERT INTO cities VALUES
    (1,"北京"),
    (2,"上海"),
    (3,"广州"),
    (4,"成都"),
    (5,"深圳"),
    (6,"杭州"),
    (7,"武汉"),
    (8,"西安"),
    (9,"重庆"),
    (10,"长沙"),
    (11,"南京");

-- 用户列表
CREATE TABLE users(
    uid INT PRIMARY KEY AUTO_INCREMENT,
    uname VARCHAR(200),
    upwd VARCHAR(200),
    email VARCHAR(200),
    phone VARCHAR(200),
    avatar VARCHAR(200),
    -- 真实姓名
    rname VARCHAR(200),
    gender INT,
    -- 关联城市表
    cid INT,
    -- 星座
    const VARCHAR(200),
    -- 血型
    blood VARCHAR(200)
);
-- 1~4
INSERT INTO users VALUES
    (1,"Sunny","123456ab","1090165836@qq.com","18818218069","image/avatar/default.jpg","吴雅丽","1",1,"摩羯","A"),
    (2,"Shirley","12345678","1090165835@qq.com","18818218067","image/avatar/default.jpg","韩梅梅","1",3,"白羊","B"),
    (3,"Alan","123456ab","1090165834@qq.com","18818218066","image/avatar/default.jpg","李雷","0",5,"巨蟹","AB"),
    (4,"Edward","123456ab","1090165833@qq.com","18818218065","image/avatar/default.jpg","徐亮","0",7,"狮子","O"); 

-- 演出风格
CREATE TABLE styles(
  stid INT PRIMARY KEY AUTO_INCREMENT,
  stname VARCHAR(200)
);
-- 1~12
INSERT INTO styles VALUES
    (1,"摇滚"),
    (2,"后摇滚"),
    (3,"流行"),
    (4,"朋克"),
    (5,"后朋克"),
    (6,"民谣"),
    (7,"电子"),
    (8,"独立"),
    (9,"Disco"),
    (10,"跳舞"),
    (11,"金属"),
    (12,"世界音乐");

-- 艺人
CREATE TABLE artists(
    arid INT PRIMARY KEY AUTO_INCREMENT,
    arname VARCHAR(16),
    arphoto VARCHAR(128),
    -- 关联演出风格
    stid INT,
    -- 音乐人介绍
    profile  VARCHAR(1024)
);
-- 1~20
INSERT INTO artists VALUES
    (1,"宋冬野","image⁩/artists⁩/sdy⁩/hp.jpg",7,"宋冬野，男，1987年生。少时乃痞校红人，歪门邪道，写曲弹弦，尽惹啼笑。后入出版业，不懂装懂，混迹苟活，劣迹斑斑，终婆娑请辞。遂终日闭门黄梁梦，住垃圾堆，喝西北风，食不果腹，衣不遮体。幸遇麻油叶，众人划桨，誓兴歌谣，尊师重道，披斩不惊。卖唱数载，得入摩厂，苦磨一年，发专一张。扛琴走南北，大汗溉东西，但愿做民犬，生世白头偕老。——民犬，就是民谣狗的意思。豆瓣：宋冬野 微博：@宋冬野"),
    (2,"万能青年旅店","image⁩/artists⁩/wq⁩/hp.jpg",2,"站在分割世界的桥 那会儿很多人在愤怒，包括后来的大骗子和假和尚。他们来自石家庄，中国第一压抑的农贸市场。周围到处是忍耐和呐喊，但这些人玩的东西，却散发一些摸不着头脑的唯美气息。他们偏离了杀父和淫母，艺术和革命的正题，倒像莫名其妙丢失了家人的天才儿童，在奔向一个离石家庄太远的乌有之乡。那时候他们还有个英文名字，the nico。以盲瓜theblind melon的女儿自命，布鲁斯，另类摇滚，略带阴柔的唱和咿咿呀呀，一群偏执变态的人，既是小屁孩也是糙汉，他们到底怎么冒出来的。一个迷案。 再后来，社会在洗牌，每把都玩得大，所谓覆巢之下，安有完卵。总之，简单的事情，全变复杂了，复杂的事情，乐队人员全被简单处理了。放眼望去，早死的，文艺的，从良的，被慢慢消化的。他们当然不例外，从生活的狗洞里一点点钻出来，漫长的匍匐岁月，经历所有普通人的麻烦，所有敏感者的痛苦。 到头来他们还要再搞，搞音乐，幸甚至哉。名字变了，万能青年旅店，全世界的青年都在，而且还被招待起来，妙到不靠谱。歌曲的架构越磨越长，极尽繁华之能事，一副梦醒后吾将上下求索的阵势，硬摇滚、前卫摇滚、爵士，胃口够大。另一方面，再大的气魄也遮不住揪心的细节，比如好听的旋律，茫然、倔强、保留童真的唱腔，还有那些歌词，尽是朦胧的理想和彻骨的经验，一半火焰一半海水。这是一言难尽的声音，诚实而且美。 时代列车滚滚碾过，不想给谁以喘息余地。顷刻间，他们显得土，显得慢了，显得不够直接，显得缺乏取悦他人的能力。他们竟然还敢唱中文，还挖掘自我的深处……无形中，他们跟借力打力的全球化唱了反调，跟排坐坐过家家的独立音乐生产线尿不到一个壶。但与此同时，你很难再见到这么意气、这么纯朴的情怀，这般裹挟在漫天的风尘之中仍不离其宗，忘情于街道天空，却又对阴沟水洼中的沉痛念念在兹的诗意。他们在脏水中完成洗礼。不知不觉间，他们成了迷人的怪物，中国新音乐的奇葩，外省青年的历史宝藏，未来无限的精神不动产。好，现在时间到了，去听这些超现实主义土鳖的心跳，去看他们牛逼闪闪的现场。这些个前仆后继的，经常要扫进历史垃圾堆的，曾经苍老而今风华正茂的身体和心灵，现在全部站起来了，成立了，活下去了，发光发热了，来到你面前了。豆瓣：万能青年旅店 微信：wnqnld 微博：@万能青年旅店乐队"),
    (3,"谢天笑","img/artists/xtx/hp.jpg",2,"谢天笑，生于山东淄博，中国摇滚歌手。于1990年初开始创作音乐。1994年底为电影《越南姑娘》创作歌曲《你不像》。1995年，离开出家的猎人乐队。1997年与同样来自山东的同乡李明组建了冷血动物乐队， 随后宁夏银川的鼓手武锐入队，三人编制的冷血动物以狂暴的乐风和无以复加的疯狂演出横扫北京摇滚舞台，在当时中国GRUNGE音乐风起云涌的背景下，冷血动物声名鹊起。如今的谢天笑已经是新摇滚教父。"),
    (4,"马頔","img/artists/md/hp.jpg",7,"马頔（di，第二声。1989年01月15日～）北京人。独立民谣音乐人，诗人，专栏作家，2010年开始民谣音乐演出，2011年组建麻油叶民间组织厂牌。2011年至今，在全国范围内组织厂牌进行了数十场民谣相关演出。豆瓣：马頔 微博：@马頔-麻油叶"),
    (5,"尧十三","img/artists/yss/hp.jpg",7,"尧十三，原名唐尧，1986年8月25日出生于贵州省毕节市织金县，中国内地男歌手，毕业于武汉大学医学院临床专业。1993年，尧十三开始学习二胡演奏。2002年，尧十三在贵州省织金县第二中学初中部学习期间，受表哥影响开始学习吉他演奏。2003年，进入贵州省织金县第二中学高中部学习。2006年，考入武汉大学医学院临床专业。2010年，尧十三开始进行民谣创作，并创作了《宝贝说再见》、《咬之歌》等原创歌曲。尧十三 尧十三 2011年，创作了《北方的女王》、《在四月快结束的时候我们做了一场没有春天的梦》、《不陌生的人》等歌曲；同年4月，尧十三加入麻油叶民间民谣组织后，开始和宋冬野、马頔等独立民谣音乐人创办的厂牌一起参加专场演出 ；同年，推出个人原创单曲《瞎子》，该歌曲是首织金方言歌曲 。2012年，推出个人原创单曲《他爸的》，收录于武汉大学原创音乐集《珞樱II》中；同年，推出个人原创单曲《鸽子吧》，收录于《麻油叶，我不能说》合辑中；同年，创作了《南方的女王》、《旧情人，我是时间的新欢》等歌曲；同年，为娄烨执导的电影《浮城谜事》弹奏吉他曲《我想弹琴给你听》，这是他首次与娄烨合作 。2013年1月12日，与马頔、宋冬野在贵阳举办了“筑城腊梅叶来香”麻油叶贵阳专场演出，现场演唱了《宝贝说再见》、《不陌生的人》、《瞎子》等歌曲 ；同年，推出个人原创单曲《寡妇王二嬢》 ；同年10月，与马頔在参加过摩登天空举办的各类音乐节后，正式签约摩登天空 ；同年，与马頔举行了“午后开始醉酒·马頔&尧十三 下午场”全国巡演 。尧十三 2014年，出演马頔演唱歌曲《南山南》的MV ；同年11月30日，助阵马頔“孤岛全国巡演东渡篇”杭州站，并现场与马頔、宋冬野合唱歌曲《南山南》 ；同年12月，为娄烨执导的电影《推拿》献唱片尾曲《他妈的》，该歌曲是尧十三2010年所创作的。 2015年7月31日，推出个人原创单曲《北方女王》，这是他首张专辑的先行单曲 ；同年8月24日，推出个人原创单曲《雨霖铃》；同年9月16日，推出个人原创单曲《有信心》；同年10月14日，担任“网易云音乐 音乐有态度”全国校园歌手大赛北京赛区的评委；同年10月20日，推出首张个人音乐专辑《飞船，宇航员》，收录了包括《旧情人, 我是时间的新欢》、《北方女王》等在内的12首歌曲。"),
    (6,"新裤子乐队","img/artists/xkz/hp.jpg",2,"新裤子乐队是现今中国最耀眼、别具一格、也是最具冒险精神的偶像摇滚乐队。 乐队成立于1997年至今共发行6张专辑。 多年来新裤子带着他们独具一格的复古情怀始终站在潮流的风口浪尖以“新裤子体系”美学引领了中国时尚文化的发展被多家国外媒体赞 誉为“中国最时髦的乐队”。早期的新裤子乐队深受新浪潮以及oldschool punk 音乐风格影响近年来乐队的音乐则更 趋近于80年代synthpop风格热衷于充满怀旧色彩的东方元素。最新单曲《没有理想的人不伤心》 刚发表新专辑筹备中。"),
    (7,"后海大鲨鱼","img/artists/hh/hp.jpg",2,"QUEEN SEA BIG SHARK 后海大鲨鱼：“DANCE GARAGE！ 带你领略绝对不一样的21世纪！”这是成立于04年冬天的一支由女孩主唱的摇滚乐队，他们创造着属于他们自己的DANCE ROCK，他们洗炼直白富于现场表现，具有跳舞音乐的明快节奏与车库音乐的原始粗糙，同时散发着怀旧的气质，具有如同80年代侦探片般的幽默与紧张。灵活的唱腔的和偏执犀利的口琴代替了舞曲中人声的机械重复，他们喜欢简单直接，也喜欢珠光宝气；喜欢精致，也倡导业余；喜欢新事物，更怀念那个曾经充满生气的年代。这是一支具有相当潜质的北京新摇滚乐队！豆瓣：后海大鲨鱼 微博：@后海大鲨鱼乐队"),
    (8,"左小祖咒","img/artists/zx/hp.jpg",2,"左小祖咒，1970年3月4日出生于中国江苏，内地独立音乐人、诗人小说家、艺术家[1] 。1993年，左小祖咒创建了艺术家部落“北京东村”，并组建NO乐队，于次年制作了第一首录音室歌曲《无解》。1998年，NO乐队首张专辑《走失的主人》赢得了批评家们的高度赞誉。2000年1月，左小祖咒第一本长篇小说《狂犬吠墓》发行。2006年，凭专辑《我不能悲伤地坐在你身旁》获华语音乐传媒大奖最佳摇滚艺人奖。同年还发行了首张电影原声专辑《美国》，收录他制作的电影配乐。2008年，发行双专辑《你知道东方在哪一边》，获华语音乐传媒大奖最佳摇滚艺人等多个奖项 。2010年，在北京世纪剧院举办首次个人演唱会《万事如意》 。5月凭《大事》获华语音乐传媒大奖最佳国语男歌手和最佳作词人两个奖项。2011年，《庙会之旅II》获评华语金曲奖年度国语十大专辑第一名。2013年，《左小祖咒在奶子房》获阿比鹿音乐奖2012年度摇滚音乐奖。2014年签约摩登天空，发行专辑《我们需要个歌手》。已陆续发行了二十多张唱片。同时，他在艺术领域也建树颇丰。1995年和北京东村艺术家集体创作的行为艺术作品《为无名山增高一米》参加了第48届威尼斯国际双年展。2008年，他的作品《我也爱当代艺术》应邀参加了美国佛罗里达、纽约等地的棕榈滩艺术博览会、巴塞尔迈阿密艺术展等国内外多个展览。后也曾应邀赴古巴参加哈瓦那—新中国当代艺术革命展。2015年12月14日，“把那个故事再给我讲一遍”左小祖咒个展开幕 。主要成就 华语音乐传媒大奖最佳国语男歌手 三次华语音乐传媒大奖最佳摇滚艺人 华语音乐传媒大奖最佳词作者 28届金鸡奖最佳电影配乐提名奖 第八届中国金唱片奖 2011中国最美50人—创造之美 音乐风云榜最佳民谣歌曲"),
    (9,"胡德夫","img/artists/hdf/hp.jpg",7,"胡德夫，出生于台湾台东的原住民民歌手，台湾民歌运动、原住民运动的先驱之一。 20世纪70年代，胡德夫与杨弦、李双泽推动了被称为整个华语流行音乐启蒙运动的“民歌运动”。1973 年胡德夫举办了台湾史上第一场个人演唱会。2005年4月，首次出版个人音乐专辑《匆匆》，获得台湾流行音乐百佳专辑（1993年至2005年）第2名。歌曲《太平洋的风》获2006年金曲奖最佳作词人奖、最佳年度歌曲。2011年，发布第二张专辑《大武山蓝调》，并凭此专辑获得在第13届音乐风云榜年度盛典中获得了“最佳民谣专辑”和“最佳民谣歌手”两项大奖。"),
    (10,"阿肆","img/artists/as/hp.jpg",7,"阿肆，上海独立创作女声。2010年以“放肆的肆”为名注册了豆瓣音乐人小站，风格轻松且天马行空，在豆瓣上备受关注，广为大家喜爱。参与过两张独立民谣合辑，以及《little thing恋物志》主办的巡回音乐会。其首张专辑《预谋邂逅》于2013年7月25日由摩登天空发行。2014阿肆参加《中国好歌曲》，被刘欢老师纳入门下。 豆瓣：放肆的肆 微博：@炸鸡少女阿肆 公众微信号：aaa_asi 阿肆"),
    (11,"痛仰","img/artists/ty/hp.jpg",2,"风格：独立摇滚 主唱：高虎 吉它：宋捷 贝司：张静 鼓手：大伟 成立于1999年的痛仰乐队（Miserable Faith）是当下中国享有最高声誉的摇滚乐队之一。组队至今发行专辑及EP共六张，参加各类专场、音乐节演出数百场，获得了覆盖不同年龄层和身份属性的庞大乐迷群。他们从未离开中国摇滚第一线，也是其中少有的始终保持旺盛创作精力并成功实现转型的摇滚劲旅。 2001年发行的首张专辑《这是个问题》和2006年独立发行的EP《不》以说唱金属、硬核与硬摇滚为主，因其极具感染力的现场表演而深受乐迷喜爱。此后，乐队成员开始寻求创作上的改变与突破，自2008年推出专辑《不要停止我的音乐》起，痛仰乐队的作品风格转向更加兼容并蓄的独立摇滚，并获得广泛的关注与赞誉。此后两年，乐队分别推出了不插电现场录音《改变你的生活》和EP《盛开》。睽违四年，痛仰乐队于2014年8月发行录音室专辑《愿爱无忧》，雷鬼乐和更多具有浓郁地域色彩的乐器的融入，标志着痛仰乐队在创作上又进入了崭新的阶段。 十五年间，痛仰由那个在匮乏的青春里，惯于用愤怒抵御周遭的呐喊者和发问者，成为了在自由的公路上，乐于去探寻更多可能的践行者和分享者，说到底，他们把视线的焦点从于外部、于身体的躁动和碰撞，逐渐的调转向度，变为向内心冷暖和生命体验的关注。但在痛仰的这种巨变的背后，是一种不变，——始终只遵循内心的、自然生发而出的音符和律动。 如果说摇滚乐是一种真实的声音，那么首先，这种真实势必是创作者对自我内心状态的正视与忠诚。没有刻意为之的批判或煽情，没有扭捏作态的悲戚或欣喜，音乐里的那些率真、坦然和勇敢，来源于乐队每个成员的自然成长，他们不想肆意地滞留在原地，也没想要超脱到不可企及，痛仰与被他们所感染、触动的听者们，一路相互陪伴和见证了彼此的成长。 脱去被定义的外壳，撕掉被赋予的标签，决心蜕变的痛仰无心顾及那些概念与形式之争，在一路体验和学习中，奔向在表达上更加自由开阔的天地。所以正如我们所见，这支绝不固步自封的公路摇滚乐队，无论是作品还是状态都渐入佳境般愈发成熟，源源不断地焕发出新的光彩和能量。 2015年4月痛仰乐队签约中国最大的独立音乐公司摩登天空，在用音乐改变世界的征程中迈出了坚实的一步，对于未来的企图和野心痛仰乐队从来没有改变，现在的这一切仅仅是一个前奏。"),
    (12,"刺猬Hedgehog","img/artists/cw/hp.jpg",4,"另一个世界的噪音流行，北京摇滚乐队，2005年成立。 发表过《噪音袭击世界》《白日梦蓝》《生之响往》等8张录音室唱片。 官方网站:ciweiyuedui.com"),
    (13,"超级市场","img/artists/cjsc/hp.jpg",8,"“超级市场Supermarket”正式成立于1997年1月，乐队成员包括羽伞（主唱兼吉他）、朱宇航（DJ兼主唱）、王勇（DJ兼鼓手），是中国第一支真正意义上的电子乐队。 “超级市场Supermarket”试图通过音乐赋予数字一种情感，并创造一种矛盾中的和谐，听他们的音乐，总会使听者置身于一种暖洋洋的平静氛围之中，他们并不善于直抒胸臆，而是利用文字与情绪的铺张创造了一个情绪通道，其音乐氛围中的源于随意的“轻松感”并不会给听者施加压力，反而可以使听众在一个不被俯视的环境内寻求一种信心。 豆瓣：超级市场乐队"),
    (14,"低苦艾","img/artists/dka/hp.jpg",7,"乐队成员： Vocal/Guitar:Liu Kun 木吉它/主唱：刘堃 Guitar:San Er 吉它：周旭东 Bass:Xi Bin 贝司：席斌 Drums:Dou Tao 鼓与打击：窦涛 2012年华语传媒最佳乐队、阿比鹿最佳专辑、阿比鹿年度单曲、中国摇滚20年最佳唱片得主---低苦艾乐队以西北人特有的豪情与胸襟检视自己打量世界，将一缕黄河上吹来的风，一捧祁连山上的雪，一块黄土高原的泥土，揉和成一道不矫揉造作但痛快淋漓，不苟合但绝不疏离内心的风情，以独立自持的态度做着自己的音乐。他们的音乐风格独立、迷幻，质朴的民谣根基，多元的配器及丰富的采样，使他们的音乐又有很浓的实验及民族色彩。真挚自然的表达他们对世界的立场，他们对生活的体悟。中国西北最具代表性的乐队之一。 --------他们的音乐像一壶刚烈的西北老酒，甘醇清冽，后劲十足，捕捉着对生命脆弱的美态，打量这个世界目光明敏，细致入微，有一种深邃掩藏在诗化的语言和音乐后面，互相密而不宣却又和谐无痕。如果能从他们的音乐中打捞到清洁与美，你就发现了那个从现实的虚幻转向内心真实的拐角处。 低苦艾乐队是一支民谣摇滚乐队，2003年成立于黄河边的兰州城，在这个有中国西雅图之称的城市里盛产音乐人，那条奔腾流淌的大河终究会使他们产生不一样的情怀，创作出不拘泥于城市文化的音乐，奔放不失细腻，热烈不失深情，豪爽不失人文。经过十年的磨砺，以民谣为基调，凭借敏锐的感受力创作了大量作品，成长为西北最有代表性的摇滚乐队。他们倡导音乐关怀的一面，作品的主题跨度较大 低苦艾乐队，既有对离家漂泊的人再也回不去的乡愁的诉说，家国梦中赤子之心的坦诚《守望者》 《红与黑》，也有追风少年告别父辈时成长的决绝，一气饮下心已醉的《苦艾酒》，有片刻领悟后的浅唱低吟《谁》，永远在路上的《火车快开》等，都是不同意象的表达。他们以独立自持的态度做着自己的音乐，真挚自然的表达对世界的立场，对生活的感悟。2008年签约兵马司唱片公司，2009年发行了专辑《我们不由自主亲吻对方》，2011年发行的专辑《兰州兰州》 深获好评，获得国内多个奖项，以歌曲《兰州兰州》掀起了中国当代青年由漂泊生活回归精神家园的浪潮。2013年继续保持音乐的饱满与歌词的深刻结合的创作方式，发行了更加接近现实生活的新专辑《守望者》。近些年活跃在迷笛、草莓等等众多音乐节上，每年一次大范围全国巡演，从2014年开始进行欧洲多国巡演。2014年3月签约摩登天空唱片公司。"),
    (15,"贰佰","img/artists/eb/hp.jpg",4,"从2011年于网络发表首支单曲《我在太原和谁一起假装悲伤》至今，贰佰的每一首歌都曾被争相分享、传唱，无数年轻人都是在朋友圈里听到并爱上了《玫瑰》和《狗日的青春》，又迅速将其分享给更多人。其无敌口碑和脍炙人口，令“民谣”一词的含义回归本真——它并非一种笼统的音乐风格，而是一种音乐生长和传播的方式。"),
    (16,"黑撒（Balck Head)乐队","img/artists/hs/hp.jpg",2,"他们的创作,天大地大， 满嘴的西安方言像一方豪杰冲锋陷阵； 他们的歌声现实的， 当下年轻一代的生活困境都被他们嬉戏语言大事化小； 他们的技巧是丰满的， 特别是对那个古城的膜拜，已经是他们骨子里的声音。 “黑撒”是来自西安的一支乐队组合，风格主要以陕西方言的Hip-Hop为主，还融合了蓝调、戏曲、爵士、摇滚、电子乐等多种音乐元素。歌词幽默个性，独具风采又引人深思，以叙事为主，抒情为辅，加上悦耳时尚的配乐，演绎“Black Head”化的说唱乐。就好比“黑撒”的歌词中所唱到的，他们要“把老祖宗秦始皇的口音发扬光大”！听完他们的作品，你会发现，原来陕西话是这么动听和迷人。 最初由“夜晚的骑士”和“马蜂”搭档组成，后加入吉他手张宁、贝司手双喜、鼓手毕涛。 黑撒乐队2007年发行专辑《起的比鸡还早》，唱片上市后创下西安本土原创音乐销售的最佳纪录，受到各界的一致好评。并受邀担任阿甘电影《高兴》音乐监制和主创。2009年发行专辑《我的黄金时代》，凭此专辑获得第十届华语音乐传媒大奖“最佳嘻哈艺人”奖。《这个古城》和《命犯相思》被2011年贺岁片《哥的传说》选为片头和片尾曲。黑撒乐队的第三张专辑《西安事变》于2011年12月18日正式发行，单曲《流川枫与苍井空》5月底首发网络推广，便被媒体称为“2011年最感动人心民谣歌曲”。凤凰网，土豆网，新浪视频，搜狐视频，中国摇滚榜，新浪娱乐纷纷首页推荐，凤凰卫视，南方都市报，华商报，西安晚报也采用大篇幅进行报道。新浪微博转发累计超万次。"),
    (17,"马飞","img/artists/mf/hp.jpg",2,"歌手，导演，西安人。陕西四大方言法宝级乐队（其它三个为黑撒乐队、王建房与乐队、玄乐队）最逗趣、最淳朴摇滚艺人，陕西的最流行方言音乐人之一，马飞自高中时期开始学习音乐，大学就读于西安美术学院油画系。大学毕业后，进入摄制组担任美术指导。此间，马飞继续做着与音乐相关的工作，多部知名广告的配乐出自马飞之手，电视台更是邀请他来制作节目音乐。 08年工作闲暇期间，马飞创作了7、8首好听的歌曲。其中《我能Chua》是用关中方言所创作，”我能Chua“是西安话“我没用”的意思，歌词幽默诙谐，调侃底层人员的辛酸生活，让人记忆深刻。作品被张亚东称之为“真正的中国风”。"),
    (18,"舌头乐队","img/artists/styd/hp.jpg",2,"来自新疆的舌头乐队，他们以狂噪不安的歌词和凌乱的节奏演唱着这个社会最真实的声音。乐队以朋克为基调，演唱着这个社会里面的最为不满。《小鸡出壳》这张专辑里面以赤裸裸的歌词对这个社会不满的鞭策。主唱吴吞用时而尖锐的声音发泄着内心的情绪，不是我们不明白，是这个社会变化太快。这一切印证了崔健时代里的思想及其信仰。"),
    (19,"肆伍","img/artists/sw/hp.jpg",12,"肆伍是一个乐队。肆伍乐队组建于2004年8月，乐队风格起初为新金属、工业金属，2011年的新EP肆伍做出了新的改变，乐队风格转变为------死核。 最初，乐队是由五名在校大学生组建，曾多次参加校园乐队演出，并有着不错的反响。后因乐队成员学业及个人原因，先后有三名乐手离队，乐队的发展停滞了近一年的时间。但在此期间，随着新乐手的加入，乐队的风格和音乐元素都有了新的变化和不同程度的丰富。2004年10月乐队便开始了新一轮的发展，不断在北京的各个酒吧进行演出，乐队成员也由此固定，形成现在的阵容 ： 乐队现成员：主唱：杨 寅 / 吉他：张 旭 / 吉他：刘炬燃 / 贝司：旭 日/ 鼓：郭佳龙 乐队原成员：吉他：赵 龙 / 贝司：彭亮"),
    (20,"诱导社","img/artists/yds/hp.jpg",2,"“诱导社”的音乐受“primus”和“红辣椒”的影响颇多（例如：跳动铿锵的贝司、诡异的吉他SOLO等）。在相当一部分作品里，贝司的成分较大。有些听起来好似咬牙切齿一般,有一种嚼蜡似的麻醉感。但除去了PRIMUS式的RAP和部份FUNK成分，取而代之的则是一些更PUNK味儿的东西。 虽然乐队成员都很年轻，但在音乐上却十分老道，与那些和他们同龄的乐队相比，无论在技术上还是风格上，都有很大不同。主唱雷霖通过自己对生活的独特认识，在歌词的创作方面大胆揭露社会以及人性的丑陋阴暗面，并运用肮脏的音乐语言，来表达内心欲望的冲动和对于现实的批判与嘲讽。 他们的作品以性为主，涉及政治，揭露、反抗、谐谑，发泄不满，寻求自由。音乐中融合了punk、funk、gothic、grunge等多种音乐元素，不能定义其音乐风格。 豆瓣：诱导社LURE 微博：@诱导社乐队lure 微信：微信：youdaosheyuedui");
-- 艺人相关图片
CREATE TABLE art_pics(
    pid INT PRIMARY KEY AUTO_INCREMENT,
    -- 关联艺人
    arid INT, 
    -- 图片路径
    pic VARCHAR(128)
);
INSERT INTO art_pics VALUES
    (NULL,1,"image/artists/sdy/sdy01.jpg"),
    (NULL,1,"image/artists/sdy/sdy02.jpg"),
    (NULL,1,"image/artists/sdy/sdy03.jpg"),
    (NULL,1,"image/artists/sdy/sdy04.jpg"),
    (NULL,1,"image/artists/sdy/sdy05.jpg"),
    (NULL,1,"image/artists/sdy/sdy06.jpg"),
    (NULL,1,"image/artists/sdy/sdy07.jpg"),
    (NULL,1,"image/artists/sdy/sdy08.jpg"),
    (NULL,2,"image/artists/wq/wq01.jpg"),
    (NULL,2,"image/artists/wq/wq02.jpg"),
    (NULL,2,"image/artists/wq/wq03.jpg"),
    (NULL,2,"image/artists/wq/wq04.jpg"),
    (NULL,3,"image/artists/xtx/xtx01.jpg"),
    (NULL,3,"image/artists/xtx/xtx02.jpg"),
    (NULL,3,"image/artists/xtx/xtx03.jpg"),
    (NULL,3,"image/artists/xtx/xtx04.jpg"),
    (NULL,3,"image/artists/xtx/xtx05.jpg"),
    (NULL,3,"image/artists/xtx/xtx06.jpg"),
    (NULL,3,"image/artists/xtx/xtx07.jpg"),
    (NULL,3,"image/artists/xtx/xtx08.jpg"),
    (NULL,4,"image/artists/md/md01.jpg"),
    (NULL,4,"image/artists/md/md02.jpg"),
    (NULL,4,"image/artists/md/md03.jpg"),
    (NULL,4,"image/artists/md/md04.jpg"),
    (NULL,4,"image/artists/md/md05.jpg"),
    (NULL,5,"image/artists/yss/yss01.jpg"),
    (NULL,5,"image/artists/yss/yss02.jpg"),
    (NULL,5,"image/artists/yss/yss03.jpg"),
    (NULL,5,"image/artists/yss/yss04.jpg"),
    (NULL,5,"image/artists/yss/yss05.jpg"),
    (NULL,5,"image/artists/yss/yss06.jpg"),
    (NULL,5,"image/artists/yss/yss07.jpg"),
    (NULL,6,"image/artists/xkz/xkz.jpg"),
    (NULL,7,"image/artists/hh/hh01.jpg"),
    (NULL,7,"image/artists/hh/hh02.jpg"),
    (NULL,7,"image/artists/hh/hh03.jpg"),
    (NULL,7,"image/artists/hh/hh04.jpg"),
    (NULL,7,"image/artists/hh/hh05.jpg"),
    (NULL,7,"image/artists/hh/hh06.jpg"),
    (NULL,7,"image/artists/hh/hh07.jpg"),
    (NULL,7,"image/artists/hh/hh08.jpg"),
    (NULL,8,"image/artists/zx/zx01.jpg"),
    (NULL,8,"image/artists/zx/zx02.jpg"),
    (NULL,8,"image/artists/zx/zx03.jpg"),
    (NULL,8,"image/artists/zx/zx04.jpg"),
    (NULL,8,"image/artists/zx/zx05.jpg"),
    (NULL,9,"image/artists/hdf/hdf01.jpg"),
    (NULL,9,"image/artists/hdf/hdf02.jpg"),
    (NULL,9,"image/artists/hdf/hdf03.jpg"),
    (NULL,9,"image/artists/hdf/hdf04.jpg"),
    (NULL,9,"image/artists/hdf/hdf05.jpg"),
    (NULL,10,"image/artists/as/as01.jpg"),
    (NULL,10,"image/artists/as/as02.jpg"),
    (NULL,10,"image/artists/as/as03.jpg"),
    (NULL,10,"image/artists/as/as04.jpg"),
    (NULL,10,"image/artists/as/as05.jpg"),
    (NULL,11,"image/artists/ty/ty01.jpg"),
    (NULL,11,"image/artists/ty/ty02.jpg"),
    (NULL,11,"image/artists/ty/ty03.jpg"),
    (NULL,11,"image/artists/ty/ty04.jpg"),
    (NULL,11,"image/artists/ty/ty05.jpg"),
    (NULL,11,"image/artists/ty/ty06.jpg"),
    (NULL,11,"image/artists/ty/ty07.jpg"),
    (NULL,11,"image/artists/ty/ty08.jpg"),
    (NULL,11,"image/artists/ty/ty09.jpg"),
    (NULL,11,"image/artists/ty/ty10.jpg"),
    (NULL,12,"image/artists/cw/cw01.jpg"),
    (NULL,12,"image/artists/cw/cw02.jpg"),
    (NULL,12,"image/artists/cw/cw03.jpg"),
    (NULL,12,"image/artists/cw/cw04.jpg"),
    (NULL,12,"image/artists/cw/cw05.jpg"),
    (NULL,12,"image/artists/cw/cw06.jpg"),
    (NULL,13,"image/artists/cjsc/cjsc01.jpg"),
    (NULL,13,"image/artists/cjsc/cjsc02.jpg"),
    (NULL,14,"image/artists/dka/dka01.jpg"),
    (NULL,14,"image/artists/dka/dka02.jpg"),
    (NULL,14,"image/artists/dka/dka03.jpg"),
    (NULL,14,"image/artists/dka/dka04.jpg"),
    (NULL,14,"image/artists/dka/dka05.jpg"),
    (NULL,14,"image/artists/dka/dka06.jpg"),
    (NULL,14,"image/artists/dka/dka07.jpg"),
    (NULL,14,"image/artists/dka/dka08.jpg"),
    (NULL,14,"image/artists/dka/dka09.jpg"),
    (NULL,14,"image/artists/dka/dka10.jpg"),
    (NULL,15,"image/artists/eb/eb01.jpg"),
    (NULL,15,"image/artists/eb/eb02.jpg"),
    (NULL,15,"image/artists/eb/eb03.jpg"),
    (NULL,15,"image/artists/eb/eb04.jpg"),
    (NULL,16,"image/artists/hs/hs01.jpg"),
    (NULL,16,"image/artists/hs/hs02.jpg"),
    (NULL,16,"image/artists/hs/hs03.jpg"),
    (NULL,16,"image/artists/hs/hs04.jpg"),
    (NULL,16,"image/artists/hs/hs05.jpg"),
    (NULL,16,"image/artists/hs/hs06.jpg"),
    (NULL,16,"image/artists/hs/hs07.jpg"),
    (NULL,16,"image/artists/hs/hs08.jpg"),
    (NULL,16,"image/artists/hs/hs09.jpg"),
    (NULL,16,"image/artists/hs/hs10.jpg"),
    (NULL,17,"image/artists/mf/mf01.jpg"),
    (NULL,17,"image/artists/mf/mf02.jpg"),
    (NULL,17,"image/artists/mf/mf03.jpg"),
    (NULL,18,"image/artists/styd/styd01.jpg"),
    (NULL,18,"image/artists/styd/styd02.jpg"),
    (NULL,18,"image/artists/styd/styd03.jpg"),
    (NULL,18,"image/artists/styd/styd04.jpg"),
    (NULL,19,"image/artists/sw/sw01.jpg"),
    (NULL,19,"image/artists/sw/sw02.jpg"),
    (NULL,19,"image/artists/sw/sw03.jpg"),
    (NULL,19,"image/artists/sw/sw04.jpg"),
    (NULL,20,"image/artists/yds/yds01.jpg"),
    (NULL,20,"image/artists/yds/yds02.jpg"),
    (NULL,20,"image/artists/yds/yds03.jpg"),
    (NULL,20,"image/artists/yds/yds04.jpg"),
    (NULL,20,"image/artists/yds/yds05.jpg");
-- 艺人作品
CREATE TABLE albums(
    -- 作品编号
    alid INT PRIMARY KEY AUTO_INCREMENT,  
    arid INT
);
-- 艺人的粉丝
CREATE TABLE fans(
    fid INT PRIMARY KEY AUTO_INCREMENT,
    -- 关联艺人
    arid INT, 
    -- 关联用户
    uid  INT 
);
INSERT INTO fans VALUES 
    (NULL, 15, 14),(NULL, 3, 16),(NULL, 5, 6),(NULL, 7, 13),(NULL, 6, 17),(NULL, 14, 7),(NULL, 11, 2),(NULL, 14, 13),(NULL, 14, 5),(NULL, 13, 1),(NULL, 1, 7),(NULL, 11, 3),(NULL, 15, 3),(NULL, 15, 16),(NULL, 15, 12),(NULL, 7, 19),(NULL, 16, 3),(NULL, 8, 3),(NULL, 11, 4),(NULL, 15, 9),(NULL, 19, 16),(NULL, 17, 7),(NULL, 8, 11),(NULL, 7, 10),(NULL, 9, 12),(NULL, 13, 3),(NULL, 20, 16),(NULL, 4, 10),(NULL, 6, 10),(NULL, 20, 1),(NULL, 13, 18),(NULL, 2, 17),(NULL, 1, 13),(NULL, 20, 16),(NULL, 1, 3),(NULL, 11, 1),(NULL, 4, 3),(NULL, 15, 2),(NULL, 15, 3),(NULL, 20, 8),(NULL, 3, 9),(NULL, 14, 8),(NULL, 4, 11),(NULL, 5, 2),(NULL, 17, 1),(NULL, 2, 17),(NULL, 11, 12),(NULL, 1, 6),(NULL, 17, 18),(NULL, 7, 11),(NULL, 20, 19),(NULL, 10, 19),(NULL, 16, 11),(NULL, 13, 8),(NULL, 11, 5),(NULL, 8, 5),(NULL, 5, 5),(NULL, 5, 15),(NULL, 1, 11),(NULL, 17, 16),(NULL, 9, 12),(NULL, 15, 12),(NULL, 11, 20),(NULL, 1, 15),(NULL, 2, 1),(NULL, 13, 3),(NULL, 19, 11),(NULL, 6, 13),(NULL, 13, 14),(NULL, 13, 15),(NULL, 18, 11),(NULL, 4, 16),(NULL, 13, 12),(NULL, 5, 13),(NULL, 4, 3),(NULL, 20, 8),(NULL, 14, 3),(NULL, 6, 4),(NULL, 20, 3),(NULL, 17, 12),(NULL, 4, 13),(NULL, 18, 17),(NULL, 16, 8),(NULL, 13, 17),(NULL, 5, 1),(NULL, 9, 13),(NULL, 5, 8),(NULL, 8, 19),(NULL, 13, 5),(NULL, 17, 5),(NULL, 7, 18),(NULL, 13, 20),(NULL, 4, 8),(NULL, 10, 5),(NULL, 1, 13),(NULL, 2, 17),(NULL, 1, 6),(NULL, 18, 8),(NULL, 17, 2),(NULL, 17, 8);
-- 演出表
CREATE TABLE shows(
    shid INT PRIMARY KEY AUTO_INCREMENT,
    shtitle VARCHAR(200),
    -- 演出信息
    description TEXT
);
-- 1~20
INSERT INTO shows VALUES
    (NULL,"群聊6月7日—6月8日【SHOCK x Q-dance呈现】The Sound Of Q-dance","<p><strong><span style='background-color: rgb(227, 108, 9); color: rgb(255, 255, 255);'>8号门票售罄啦~剩余少量双日通票在售</span></strong></p><p><strong><span style='background-color: rgb(227, 108, 9); color: rgb(255, 255, 255);'>还未购票的Q-dancers抓紧最后的机会购票~</span></strong></p><p><strong><span style='background-color: rgb(227, 108, 9); color: rgb(255, 255, 255);'>我们6月7-8日，端午小长假佛山见~</span></strong></p><p><strong><span style='background-color: rgb(227, 108, 9); color: rgb(255, 255, 255);'><br></span></strong></p><p><strong><span style='background-color: rgb(227, 108, 9); color: rgb(255, 255, 255);'></span></strong></p><p><strong><span style='background-color: rgb(227, 108, 9); color: rgb(255, 255, 255);'>酒店套票门票说明</span></strong></p><p><strong><span style='background-color: rgb(227, 108, 9); color: rgb(255, 255, 255);'>门票放置于套餐内所包含的酒店前台，将于办理入住时领取活动门票。</span></strong></p><p><br></p><p><strong><span style='background-color: rgb(227, 108, 9); color: rgb(255, 255, 255);'>备注：酒店默认床型为大床房，如需双床房请于Check in 时与酒店前台确认，请购买酒店套餐时务必知悉。</span></strong></p><hr><p><iframe class='previewVideo' src='https://v.qq.com/txp/iframe/player.html?vid=c08699e9tzx' width='420' height='280' frameborder='0' allowfullscreen=''></iframe></p><p style='margin-bottom: 10px;'><span style='font-size: 11px; color: rgb(165, 165, 165);'>The Sound Of Q-dance 佛山 宣传片</span><br></p><p style='margin-bottom: 5px; text-align: justify;'><br></p><p><span style='font-size: 14px; font-family: 微软雅黑, &quot;Microsoft YaHei&quot;;'>The Sound Of Q-dance 佛山</span></p><p><span style='font-size: 14px; font-family: 微软雅黑, &quot;Microsoft YaHei&quot;;'>时隔许久连蹦<span style='font-size: 14px; font-family: 微软雅黑, &quot;Microsoft YaHei&quot;; background-color: rgb(227, 108, 9); color: rgb(255, 255, 255);'><strong>两日延续到深夜</strong></span>的仓库派对</span></p><p><span style='font-size: 14px; font-family: 微软雅黑, &quot;Microsoft YaHei&quot;;'>GET WACK<span style='font-size: 14px; font-family: 微软雅黑, &quot;Microsoft YaHei&quot;; background-color: rgb(227, 108, 9); color: rgb(255, 255, 255);'><strong>首次</strong></span>国内演出</span></p><p><span style='font-size: 14px; font-family: 微软雅黑, &quot;Microsoft YaHei&quot;;'>Sub Zero Project<span style='font-size: 14px; font-family: 微软雅黑, &quot;Microsoft YaHei&quot;; background-color: rgb(227, 108, 9); color: rgb(255, 255, 255);'><strong>再度来华</strong></span></span></p><p><span style='background-color: rgb(227, 108, 9); color: rgb(255, 255, 255);'><strong><span style='background-color: rgb(227, 108, 9); font-size: 14px; font-family: 微软雅黑, &quot;Microsoft YaHei&quot;;'>首个</span></strong></span><span style='font-size: 14px; font-family: 微软雅黑, &quot;Microsoft YaHei&quot;;'>在武术之乡的打拳Q-dance活动</span></p><p><span style='font-size: 14px; font-family: 微软雅黑, &quot;Microsoft YaHei&quot;;'>还有顶级舞美的<span style='font-size: 14px; font-family: 微软雅黑, &quot;Microsoft YaHei&quot;; background-color: rgb(227, 108, 9); color: rgb(255, 255, 255);'><strong>巨献</strong></span></span></p><p><span style='font-size: 14px; font-family: 微软雅黑, &quot;Microsoft YaHei&quot;;'>端午长假的<span style='font-size: 14px; font-family: 微软雅黑, &quot;Microsoft YaHei&quot;; background-color: rgb(227, 108, 9); color: rgb(255, 255, 255);'><strong>释放之旅</strong></span></span></p><p><span style='font-size: 14px; font-family: 微软雅黑, &quot;Microsoft YaHei&quot;;'>高考之后在TSOQ的<span style='font-size: 14px; font-family: 微软雅黑, &quot;Microsoft YaHei&quot;; background-color: rgb(227, 108, 9); color: rgb(255, 255, 255);'><strong>成人典礼</strong></span></span></p><p><span style='font-size: 14px; font-family: 微软雅黑, &quot;Microsoft YaHei&quot;;'>让你感受更加炽热的6月</span></p><p><span style='background-color: rgb(227, 108, 9); color: rgb(255, 255, 255);'><strong><span style='background-color: rgb(227, 108, 9); font-size: 14px; font-family: 微软雅黑, &quot;Microsoft YaHei&quot;;'>Q-dance madness</span></strong></span><span style='font-size: 14px; font-family: 微软雅黑, &quot;Microsoft YaHei&quot;;'>让你陷入Harder Styles的世界</span></p><p><span style='font-size: 14px; font-family: 微软雅黑, &quot;Microsoft YaHei&quot;;'>尽情释放你的激情</span></p><p><span style='font-size: 14px; font-family: 微软雅黑, &quot;Microsoft YaHei&quot;;'>社会的浮躁，就让我们用<span style='font-size: 14px; font-family: 微软雅黑, &quot;Microsoft YaHei&quot;; background-color: rgb(227, 108, 9); color: rgb(255, 255, 255);'><strong>#硬核养生#</strong></span></span></p><hr><p style='text-align: justify;'><span style='text-decoration: underline; font-size: 14px; font-family: 微软雅黑, &quot;Microsoft YaHei&quot;;'><a href='https://mp.weixin.qq.com/s/LmEpzT7uSjkhnfEYFVtwxw' target='_self' style='text-decoration: underline; font-family: 宋体, SimSun; font-size: 14px;'></a></span></p><p><span style='font-size: 14px; font-family: 微软雅黑, &quot;Microsoft YaHei&quot;;'><em><strong>TSOQ 佛山 双日全阵容现已公布<br></strong></em></span></p><p><span style='font-size: 14px; font-family: 微软雅黑, &quot;Microsoft YaHei&quot;;'><em><strong>6月8日&nbsp;The Sound Of Q-dance</strong></em></span></p><p><img src='https://s2.showstart.com/img/2019/20190531/9b2950fb345549f6825e79fcafd0cb7f_1080_1524_242804.0x0.jpg?imageMogr2/thumbnail/640x/gravity/Center/crop/640x' title='/img/2019/20190531/9b2950fb345549f6825e79fcafd0cb7f_1080_1524_242804.0x0.jpg' alt=''></p><p style='text-align: justify;'><em style='font-family: 微软雅黑, &quot;Microsoft YaHei&quot;; font-size: 14px;'><strong>&nbsp;国际Harder Styles音浪&nbsp;</strong></em><br></p><p style='margin-bottom: 5px; text-align: justify;'><img src='https://s2.showstart.com/img/2019/20190512/ed792e0fbb784d21bac273fc7011aacf_1712_1208_1284694.0x0.jpg?imageMogr2/thumbnail/640x/gravity/Center/crop/640x' title='/img/2019/20190512/ed792e0fbb784d21bac273fc7011aacf_1712_1208_1284694.0x0.jpg' alt=''><img src='https://s2.showstart.com/img/2019/20190512/fd64e1893f814ef18ce0c65b7c5bf868_2566_1208_1754206.0x0.jpg?imageMogr2/thumbnail/640x/gravity/Center/crop/640x' title='/img/2019/20190512/fd64e1893f814ef18ce0c65b7c5bf868_2566_1208_1754206.0x0.jpg' alt=''></p><p style='margin-bottom: 5px; text-align: justify;'><span style='font-size: 14px; font-family: 微软雅黑, &quot;Microsoft YaHei&quot;;'><strong>ATMOZFEARS</strong>&nbsp;原本是一个三人组DJ团体的名字，成立于2008年，现在的ATMOZFEARS，本名Tim van de Stadt，也曾经是这个团体的其中一员，如今，他将掌舵这个在硬式舞曲界响当当的名字，传播他对音乐的创新和诠释，用他的情感和充满活力的声音推动着音乐的无边界限。</span></p><p style='margin-bottom: 5px; text-align: justify;'><br></p><p style='margin-bottom: 5px; text-align: justify;'><span style='font-size: 14px; font-family: 微软雅黑, &quot;Microsoft YaHei&quot;;'><strong>DJ ISAAC</strong>&nbsp;当之无愧的harder舞曲先驱者，并占据这个地位超过20年。他总爱不断寻找新的声音谱写不一样的旋律。 被认为是Hardstyle的创始人之一。</span></p><p style='margin-bottom: 5px; text-align: justify;'><br></p><p style='margin-bottom: 5px; text-align: justify;'><span style='font-size: 14px; font-family: 微软雅黑, &quot;Microsoft YaHei&quot;;'><strong>SOUND RUSH</strong>&nbsp;一对来自荷兰的双胞胎Hardstyle二人组，他们音乐中欣快的旋律和新鲜的人声，使得人们在他们的作品中感受到精神的满足和愉悦。Sound Rush的音乐也在高科技环境中辐射真实性元素，实现了两个维度之间的平衡。</span></p><p style='margin-bottom: 5px; text-align: justify;'><br></p><p><span style='font-size: 14px; font-family: 微软雅黑, &quot;Microsoft YaHei&quot;;'><span style='font-family: 宋体, SimSun; font-size: 14px;'></span><strong>SUB ZERO PROJECT</strong>&nbsp;在16岁和17岁时就读于荷兰着名的音乐学院之一“Herman Brood Academy” （曾经孕育了世界EDM明星Martin Garrix），在校期间，两个年轻人非常活跃，从而受到多方关注。他们那时便有一个梦想：那就是用音乐创造事业。</span></p><p><br></p><p><span style='font-size: 14px; font-family: 微软雅黑, &quot;Microsoft YaHei&quot;;'><strong>VILLAIN</strong>&nbsp;也曾来到上一届的TSOQ中国，他是全球Hardstyle乐迷的膜拜的偶像，他已经是Q-dance演出不可或缺的元素。这次，他将出席两天的活动，不仅作为MC，更将在6月7日，为大家带来DJ set，准备好再次与Villain展开一场Harder大战吧。</span></p><p><br></p><p><span style='font-size: 14px; font-family: 微软雅黑, &quot;Microsoft YaHei&quot;;'><em><strong>&nbsp;中国硬核热血势力&nbsp;</strong></em></span></p><p><span style='font-size: 14px; font-family: 微软雅黑, &quot;Microsoft YaHei&quot;;'><strong><img src='https://s2.showstart.com/img/2019/20190512/4b6840aeaf884eac98da0b43c9b0c095_1592_798_753972.0x0.jpg?imageMogr2/thumbnail/640x/gravity/Center/crop/640x' title='/img/2019/20190512/4b6840aeaf884eac98da0b43c9b0c095_1592_798_753972.0x0.jpg' alt=''></strong></span></p><p><span style='font-size: 14px; font-family: 微软雅黑, &quot;Microsoft YaHei&quot;;'><strong>ATTACK</strong>&nbsp;本名吴双东，即将成为受邀登上Defqon.1 2019舞台表演的亚洲第一人。从小就表现出对音乐的独特天赋，在国内与众多前辈学习音乐知识，一位势如破竹的未来新星。</span></p><p><br></p><p><span style='font-size: 14px; font-family: 微软雅黑, &quot;Microsoft YaHei&quot;;'><strong>NGOMA QUAKE</strong>&nbsp;是由Gambino和Nacid于2017年5月组成的硬派电音双人组，是一个专注Hardstyle创作的组合，更是一支轰炸舞台的Hardstyle军队，组合的成立只有一个目的: 用最好的原创音乐做最好的现场。</span></p><hr><p><span style='font-size: 14px; font-family: 微软雅黑, &quot;Microsoft YaHei&quot;;'><em><strong>6月7日&nbsp;Q-dance Invites: GET WACK!</strong></em><br></span></p><p><span style='font-size: 14px; font-family: 微软雅黑, &quot;Microsoft YaHei&quot;;'><strong><img src='https://s2.showstart.com/img/2019/20190531/54c613baf7ce4630af3407deb4829783_1080_1524_274953.0x0.jpg?imageMogr2/thumbnail/640x/gravity/Center/crop/640x' title='/img/2019/20190531/54c613baf7ce4630af3407deb4829783_1080_1524_274953.0x0.jpg' alt=''></strong></span></p><p><span style='font-size: 14px; font-family: 微软雅黑, &quot;Microsoft YaHei&quot;;'><strong>白酒兄弟&nbsp;FREQUENCERZ&nbsp;</strong>更快，更硬，更黑暗的曲风，颇具辨识度的高尖音Screech如山洪地震般猛烈袭击每场舞台，带来音乐的“致命一击”。<br></span></p><p><br></p><p><span style='font-size: 14px; font-family: 微软雅黑, &quot;Microsoft YaHei&quot;;'><strong>VILLAIN</strong>&nbsp;他的声音是Q-dance不可或缺的一部分，但在GET WACK期间，你不仅可以听到他的声音，还可以看到他打碟！ Villain正在准备他的音乐，并将向大家表演最特别的DJ&nbsp; set！准备好，一起HARD with VILLAIN吧！</span></p><p><br></p><p><span style='font-size: 14px; font-family: 微软雅黑, &quot;Microsoft YaHei&quot;;'>这次“白酒兄弟”&nbsp;Frequencerz将Get Wack带到中国了，必不可少的肯定是有众多实力嘉宾助阵：</span></p><p><br></p><p><span style='font-size: 14px; font-family: 微软雅黑, &quot;Microsoft YaHei&quot;;'><em><strong>&nbsp;Harder Styles 新生代&nbsp;</strong></em><br></span></p><p><br></p><p><span style='font-size: 14px; font-family: 微软雅黑, &quot;Microsoft YaHei&quot;;'><strong>BETO</strong>&nbsp;一位来自华南地区的大学理科生，电子音乐制作人/DJ，Hard Dance Music的校园推广大使，同时也是 一位校园电子音乐圈中的领军人物。</span></p><p><br></p><p><span style='font-size: 14px; font-family: 微软雅黑, &quot;Microsoft YaHei&quot;;'><strong>MASHUP JACK</strong>&nbsp;通过混音各种意想不到的音乐作品，引领了新一波的电子音乐潮流，他曾在全世界多个大型音乐节，为来自世界各地的多达75,000人表演，并拥有着自己特有的精力充沛的派对风格。让我们一起去感受他的现场混音吧！</span></p><p><br></p><p><span style='font-size: 14px; font-family: 微软雅黑, &quot;Microsoft YaHei&quot;;'><strong>STK</strong>&nbsp;Q-dance DJ Contest杀出的一匹黑马，一举夺得DJ大赛冠军。他的参赛作品新颖独特，又颇为震撼，让所有人都无比期待，在这次的The Sound of Q-dance中感受这位神秘冠军的舞台魅力。</span></p><p><br></p><p><span style='font-size: 14px; font-family: 微软雅黑, &quot;Microsoft YaHei&quot;; background-color: rgb(227, 108, 9); color: rgb(255, 255, 255);'><strong>GET WACK当晚，可能还会有其他特邀嘉宾到来，敬请期待~</strong></span></p><p><span style='font-size: 14px; font-family: 微软雅黑, &quot;Microsoft YaHei&quot;;'><strong><br></strong></span></p><p><span style='font-size: 14px; font-family: 微软雅黑, &quot;Microsoft YaHei&quot;;'><strong>点击右方文字，收听The Sound Of Q-dance 佛山 预热歌单：<a href='http://music.163.com/m/user/home?id=285539412' target='_self' style='color: rgb(79, 129, 189); text-decoration: underline;'><span style='font-size: 14px; font-family: 微软雅黑, &quot;Microsoft YaHei&quot;; color: rgb(79, 129, 189);'>TSOQ预热歌单</span></a></strong></span></p><p><span style='font-size: 14px; font-family: 微软雅黑, &quot;Microsoft YaHei&quot;;'></span></p><hr><p><img src='https://s2.showstart.com/img/2019/20190512/2a974d5efd72488bb5599d0f02496142_960_539_100007.0x0.jpg?imageMogr2/thumbnail/640x/gravity/Center/crop/640x' title='/img/2019/20190512/2a974d5efd72488bb5599d0f02496142_960_539_100007.0x0.jpg' alt=''><span style='font-size: 14px; font-family: 微软雅黑, &quot;Microsoft YaHei&quot;;'><br></span></p><p><span style='font-size: 14px; font-family: 微软雅黑, &quot;Microsoft YaHei&quot;;'>The Sound Of Q-dance 佛山</span></p><p><span style='font-size: 14px; font-family: 微软雅黑, &quot;Microsoft YaHei&quot;;'>我们将通过下面几段文字</span></p><p><span style='font-size: 14px; font-family: 微软雅黑, &quot;Microsoft YaHei&quot;;'>让大家更加的了解此次佛山之旅</span></p><p><span style='font-size: 14px; font-family: 微软雅黑, &quot;Microsoft YaHei&quot;;'>满足所有Q-dancers的求知欲及好奇心</span></p><p><br></p><p><span style='font-size: 14px; font-family: 微软雅黑, &quot;Microsoft YaHei&quot;; background-color: rgb(227, 108, 9); color: rgb(255, 255, 255);'><em><strong>1- 顶级舞美</strong></em></span></p><p><span style='font-size: 14px; font-family: 微软雅黑, &quot;Microsoft YaHei&quot;;'><em><strong><img src='https://s2.showstart.com/img/2019/20190512/ce2c32d81b974d4a80df1623a9fadbd2_1080_608_147367.0x0.jpg?imageMogr2/thumbnail/640x/gravity/Center/crop/640x' title='/img/2019/20190512/ce2c32d81b974d4a80df1623a9fadbd2_1080_608_147367.0x0.jpg' alt=''></strong></em></span></p><p><span style='font-size: 14px; font-family: 微软雅黑, &quot;Microsoft YaHei&quot;;'>去过The Sound Of Q-dance 1月12日 深圳活动的Q-dancers，赞不绝口的点之一就是让你肾上腺素飙升的舞美灯光，“穿透”一切的镭射，让你沉浸入Q-dance世界！</span></p><p><br></p><p><span style='font-size: 14px; font-family: 微软雅黑, &quot;Microsoft YaHei&quot;; background-color: rgb(227, 108, 9); color: rgb(255, 255, 255);'><em><strong>2 - 志同道合</strong></em></span><span style='font-size: 14px; font-family: 微软雅黑, &quot;Microsoft YaHei&quot;;'><br></span></p><p><img src='https://s2.showstart.com/img/2019/20190512/d285f5566f57429dbae30dd8312fe863_960_539_134091.0x0.jpg?imageMogr2/thumbnail/640x/gravity/Center/crop/640x' title='/img/2019/20190512/d285f5566f57429dbae30dd8312fe863_960_539_134091.0x0.jpg' alt=''></p><p><span style='font-size: 14px; font-family: 微软雅黑, &quot;Microsoft YaHei&quot;;'>Q-dance Event，最不缺的就是志同道合的人，无论你是刚刚接触Hardstyle，还是Hard老炮儿，都能在舞池中，随着Kick融合成一个整体，参加The Sound Of Q-dance，你只需购买一张门票，然后怀着期待的心情来到Q-dance现场就行！你会结识到来自五湖四海的Q-dancer，并拍下一张充满回忆的照片！</span></p><p><br></p><p><span style='font-size: 14px; font-family: 微软雅黑, &quot;Microsoft YaHei&quot;; background-color: rgb(227, 108, 9); color: rgb(255, 255, 255);'><em><strong>3 - 双日彻夜狂欢，双倍刺激</strong></em></span></p><p><img src='https://s2.showstart.com/img/2019/20190512/2b61a37f66a84977988eb3b181ff23f2_1080_608_119765.0x0.jpg?imageMogr2/thumbnail/640x/gravity/Center/crop/640x' title='/img/2019/20190512/2b61a37f66a84977988eb3b181ff23f2_1080_608_119765.0x0.jpg' alt=''></p><p><span style='font-size: 14px; font-family: 微软雅黑, &quot;Microsoft YaHei&quot;;'>The Sound Of Q-dance 第一届于19年1月12日深圳举行，为期一天，再度归来的Q-dance升级为两天（6月7-8日），并且将开场时间定位21:00，两日结束时间分别为次日的2:00与3:00，彻夜的狂欢，两日的激情碰撞，希望能让大家真正的感受Q-dance madness。</span></p><p><br></p><p><span style='font-size: 14px; font-family: 微软雅黑, &quot;Microsoft YaHei&quot;; background-color: rgb(227, 108, 9); color: rgb(255, 255, 255);'><em><strong>4 - GET WACK 奇幻之旅</strong></em></span></p><p><img src='https://s2.showstart.com/img/2019/20190512/fcbc2e87e4dd4159b0b901fca9079bbe_1042_1042_198146.0x0.jpg?imageMogr2/thumbnail/640x/gravity/Center/crop/640x' title='/img/2019/20190512/fcbc2e87e4dd4159b0b901fca9079bbe_1042_1042_198146.0x0.jpg' alt=''></p><p><span style='font-size: 14px; font-family: 微软雅黑, &quot;Microsoft YaHei&quot;;'>Frequencerz的全新概念：GET WACK，在此，你将见到的最古怪新奇又好玩的东西。GET WACK将引领你感受视觉和听觉的双重狂欢，<span style='font-size: 14px; font-family: 微软雅黑, &quot;Microsoft YaHei&quot;; background-color: rgb(227, 108, 9); color: rgb(255, 255, 255);'><strong>届时Frequencerz还将下台与观众互动，让你360度多方位体验这段奇幻音乐之旅</strong>。</span></span></p><p><img src='https://s2.showstart.com/img/2019/20190512/040168f4cb6847f18d3fe2c53fc74e86_1790_744_1051667.0x0.jpg?imageMogr2/thumbnail/640x/gravity/Center/crop/640x' title='/img/2019/20190512/040168f4cb6847f18d3fe2c53fc74e86_1790_744_1051667.0x0.jpg' alt=''></p><p><br></p><p><span style='font-size: 14px; font-family: 微软雅黑, &quot;Microsoft YaHei&quot;; background-color: rgb(227, 108, 9); color: rgb(255, 255, 255);'><em><strong>5 - Sub Zero Project</strong></em></span></p><p><img src='https://s2.showstart.com/img/2019/20190512/8dd43e694a7343c3a15b727a0c8a1e28_720_720_159268.0x0.jpg?imageMogr2/thumbnail/640x/gravity/Center/crop/640x' title='/img/2019/20190512/8dd43e694a7343c3a15b727a0c8a1e28_720_720_159268.0x0.jpg' alt=''></p><p><span style='font-size: 14px; font-family: 微软雅黑, &quot;Microsoft YaHei&quot;;'>2017年12月2日，Sub Zero Project首度来华，带来了大家都难以忘怀的一夜，时隔2年，这组Kick轰炸机再度回到中国，登上The Sound Of Q-dance的舞台，经过两年的快速发展，Sub Zero Project此次中国的演出，将会给大家带来一个更加升华的表演。</span></p><p><br></p><p><span style='font-size: 14px; font-family: 微软雅黑, &quot;Microsoft YaHei&quot;; background-color: rgb(227, 108, 9); color: rgb(255, 255, 255);'><em><strong>6 - Q-dance Travel Package</strong></em></span></p><p><img src='https://s2.showstart.com/img/2019/20190512/78d63b84e4174314b54d3e5eb8dd1d0e_900_385_95649.0x0.jpg?imageMogr2/thumbnail/640x/gravity/Center/crop/640x' title='/img/2019/20190512/78d63b84e4174314b54d3e5eb8dd1d0e_900_385_95649.0x0.jpg' alt=''></p><p><span style='font-size: 14px; font-family: 微软雅黑, &quot;Microsoft YaHei&quot;;'>The Sound Of Q-dance Travel package，此次活动特意设置了旅行套餐，无需为选择酒店烦恼，只需购买旅行套餐，一键酒店门票全搞定，前往Q-dance相关推送查看旅行套餐信息。</span></p><p><br></p><p><span style='font-size: 14px; font-family: 微软雅黑, &quot;Microsoft YaHei&quot;; background-color: rgb(227, 108, 9); color: rgb(255, 255, 255);'><em><strong>7 - 武术之乡——佛山</strong></em></span><span style='font-size: 14px; font-family: 微软雅黑, &quot;Microsoft YaHei&quot;;'><br></span></p><p><img src='https://s2.showstart.com/img/2019/20190512/1d39ee09e1694df0bd480572ee5911c6_600_320_46405.0x0.jpg?imageMogr2/thumbnail/640x/gravity/Center/crop/640x' title='/img/2019/20190512/1d39ee09e1694df0bd480572ee5911c6_600_320_46405.0x0.jpg' alt=''></p><p><span style='font-size: 14px; font-family: 微软雅黑, &quot;Microsoft YaHei&quot;;'>佛山，据统计有199家拳馆，在6月，将会迎来第200家“拳馆”——Q-dance，当Q-dance遇到佛山，Harder Styles遇到武术之乡，难以想象6月7-8日的“拳手”们将会用如何专业的拳法打破与狂欢的隔阂，当然，两天的“硬核养生”，佛山的各种美食早茶也将会在每日第一缕晨光露出之时等待大家，补充能量。</span></p><p><br></p><p><span style='background-color: rgb(227, 108, 9); color: rgb(255, 255, 255);'><em><strong><span style='background-color: rgb(227, 108, 9); font-size: 14px; font-family: 微软雅黑, &quot;Microsoft YaHei&quot;;'>8 - 端午/高考</span></strong></em></span><span style='font-size: 14px; font-family: 微软雅黑, &quot;Microsoft YaHei&quot;;'><br></span></p><p><img src='https://s2.showstart.com/img/2019/20190512/1c5f2d8b575040dc95fc49fd758714fa_571_321_395905.0x0.jpg?imageMogr2/thumbnail/640x/gravity/Center/crop/640x' title='/img/2019/20190512/1c5f2d8b575040dc95fc49fd758714fa_571_321_395905.0x0.jpg' alt=''></p><p><span style='font-size: 14px; font-family: 微软雅黑, &quot;Microsoft YaHei&quot;;'>遇上端午三天假期（6月7-9日）的The Sound Of Q-dance，正好给你在假期的娱乐时光中，每晚增添多一丝丝的乐趣，也许在The Sound Of Q-dance，你还能收到来自艺人送给你的粽子。</span></p><p><br></p><p><span style='font-size: 14px; font-family: 微软雅黑, &quot;Microsoft YaHei&quot;;'>6月7-8日，一年一度的高考，8号考后去哪里释放积压已久的压力？The Sound Of Q-dance 佛山是你的最佳选择，在这里先祝所有考生高考顺利，逢考必中，我们8号晚见~</span></p><p><span style='font-size: 14px; font-family: 微软雅黑, &quot;Microsoft YaHei&quot;;'></span></p><hr><p><strong><span style='font-family: 微软雅黑, &quot;Microsoft YaHei&quot;; font-size: 14px; background-color: rgb(227, 108, 9); color: rgb(255, 255, 255);'>Q-dance官方周边 POP UP SHOP</span></strong><br></p><p>打拳集合已进入倒计时，这次，我们给大家准备了小惊喜。我们在现场开设了一家周边POP-UP商品店，您将有机会购买全新的官方Q-dance商品来赠送自己，<strong>库存有限</strong>。此次，周边POP-UP商店将会在持续销售两晚， 先到先得！</p><p><img src='https://s2.showstart.com/img/2019/20190528/df84b4847fd54094bfc4b89ae7ec319f_1280_720_206690.0x0.jpg?imageMogr2/thumbnail/640x/gravity/Center/crop/640x' title='/img/2019/20190528/df84b4847fd54094bfc4b89ae7ec319f_1280_720_206690.0x0.jpg' alt=''></p><p><strong><span style='font-family: 微软雅黑, &quot;Microsoft YaHei&quot;; font-size: 14px;'>在TSOQ活动现场可以购买到以下周边</span></strong><br></p><p><strong><span style='font-family: 微软雅黑, &quot;Microsoft YaHei&quot;; font-size: 14px;'>Q-dance徽章项链</span></strong></p><p><span style='font-family: 微软雅黑, &quot;Microsoft YaHei&quot;; font-size: 14px;'><img src='https://s2.showstart.com/img/2019/20190528/19de3423a81440b89d9d0068b7f30f47_1080_1293_170037.0x0.jpg?imageMogr2/thumbnail/640x/gravity/Center/crop/640x' title='/img/2019/20190528/19de3423a81440b89d9d0068b7f30f47_1080_1293_170037.0x0.jpg' alt=''></span></p><p><strong><span style='font-family: 微软雅黑, &quot;Microsoft YaHei&quot;; font-size: 14px;'>驱赶炎热的清凉手扇</span></strong></p><p><span style='font-family: 微软雅黑, &quot;Microsoft YaHei&quot;; font-size: 14px;'><img src='https://s2.showstart.com/img/2019/20190528/b2df28b134224dae841fc197433c798b_1080_1293_229218.0x0.jpg?imageMogr2/thumbnail/640x/gravity/Center/crop/640x' title='/img/2019/20190528/b2df28b134224dae841fc197433c798b_1080_1293_229218.0x0.jpg' alt=''></span></p><p><strong><span style='font-family: 微软雅黑, &quot;Microsoft YaHei&quot;; font-size: 14px;'>轻松装下打拳装备的抽绳双肩包</span></strong></p><p><span style='font-family: 微软雅黑, &quot;Microsoft YaHei&quot;; font-size: 14px;'><img src='https://s2.showstart.com/img/2019/20190528/e769b6f60d234a6aac21d5e69a0f4578_1080_1293_155191.0x0.jpg?imageMogr2/thumbnail/640x/gravity/Center/crop/640x' title='/img/2019/20190528/e769b6f60d234a6aac21d5e69a0f4578_1080_1293_155191.0x0.jpg' alt=''></span></p><p><strong><span style='font-family: 微软雅黑, &quot;Microsoft YaHei&quot;; font-size: 14px;'>三款棒球帽和短袖T恤提供大家随意搭配</span></strong></p><p><span style='font-family: 微软雅黑, &quot;Microsoft YaHei&quot;; font-size: 14px;'><img src='https://s2.showstart.com/img/2019/20190528/3b8931d4fd754be3aaa65520340dd947_2702_1080_898175.0x0.jpg?imageMogr2/thumbnail/640x/gravity/Center/crop/640x' title='/img/2019/20190528/3b8931d4fd754be3aaa65520340dd947_2702_1080_898175.0x0.jpg' alt=''></span></p><p><span style='font-family: 微软雅黑, &quot;Microsoft YaHei&quot;; font-size: 14px;'><img src='https://s2.showstart.com/img/2019/20190528/41940585b5e14be8ab36cd0253bd399a_2702_1080_1055257.0x0.jpg?imageMogr2/thumbnail/640x/gravity/Center/crop/640x' title='/img/2019/20190528/41940585b5e14be8ab36cd0253bd399a_2702_1080_1055257.0x0.jpg' alt=''></span></p><p><strong><span style='font-family: 微软雅黑, &quot;Microsoft YaHei&quot;; font-size: 14px;'>两款百搭卫衣</span></strong></p><p><span style='font-family: 微软雅黑, &quot;Microsoft YaHei&quot;; font-size: 14px;'><img src='https://s2.showstart.com/img/2019/20190528/134f204b6a414d3286a923c63032cc49_1080_1293_168889.0x0.jpg?imageMogr2/thumbnail/640x/gravity/Center/crop/640x' title='/img/2019/20190528/134f204b6a414d3286a923c63032cc49_1080_1293_168889.0x0.jpg' alt=''></span></p><p><span style='font-family: 微软雅黑, &quot;Microsoft YaHei&quot;; font-size: 14px;'><img src='https://s2.showstart.com/img/2019/20190528/79f944cfde5b43e69ff4fe4a1181e006_1080_1293_263549.0x0.jpg?imageMogr2/thumbnail/640x/gravity/Center/crop/640x' title='/img/2019/20190528/79f944cfde5b43e69ff4fe4a1181e006_1080_1293_263549.0x0.jpg' alt=''></span></p><p><strong><span style='font-family: 微软雅黑, &quot;Microsoft YaHei&quot;; font-size: 14px;'>最值得期待的是，这次带来了少量珍藏版棒球服</span></strong></p><p><strong><span style='font-family: 微软雅黑, &quot;Microsoft YaHei&quot;; font-size: 14px;'>正反两面不同风格，一衣两穿</span></strong></p><p><span style='font-family: 微软雅黑, &quot;Microsoft YaHei&quot;; font-size: 14px;'><img src='https://s2.showstart.com/img/2019/20190528/d7524ceea5b44714bb1821240046c236_1804_1080_695072.0x0.jpg?imageMogr2/thumbnail/640x/gravity/Center/crop/640x' title='/img/2019/20190528/d7524ceea5b44714bb1821240046c236_1804_1080_695072.0x0.jpg' alt=''></span></p><p><span style='font-family: 微软雅黑, &quot;Microsoft YaHei&quot;; font-size: 14px;'><img src='https://s2.showstart.com/img/2019/20190528/c29310050fa94b7f8a237d151e470950_1080_1293_329460.0x0.jpg?imageMogr2/thumbnail/640x/gravity/Center/crop/640x' title='/img/2019/20190528/c29310050fa94b7f8a237d151e470950_1080_1293_329460.0x0.jpg' alt=''></span></p><p><span style='font-family: 微软雅黑, &quot;Microsoft YaHei&quot;; font-size: 14px;'><img src='https://s2.showstart.com/img/2019/20190528/4eed0a5814e7488faecf86d4544810a8_1804_1080_663000.0x0.jpg?imageMogr2/thumbnail/640x/gravity/Center/crop/640x' title='/img/2019/20190528/4eed0a5814e7488faecf86d4544810a8_1804_1080_663000.0x0.jpg' alt=''></span></p><p><span style='font-family: 微软雅黑, &quot;Microsoft YaHei&quot;; font-size: 14px;'><img src='https://s2.showstart.com/img/2019/20190528/2b71a5b7bcb64092bb99d72ab903c57c_1080_1293_313474.0x0.jpg?imageMogr2/thumbnail/640x/gravity/Center/crop/640x' title='/img/2019/20190528/2b71a5b7bcb64092bb99d72ab903c57c_1080_1293_313474.0x0.jpg' alt=''></span></p><hr><p><img src='https://s2.showstart.com/img/2019/20190531/1a61821bcdf74d06b8680ef21924a15c_1730_1220_2530034.0x0.jpg?imageMogr2/thumbnail/640x/gravity/Center/crop/640x' title='/img/2019/20190531/1a61821bcdf74d06b8680ef21924a15c_1730_1220_2530034.0x0.jpg' alt=''></p><p><span style='font-size: 14px; font-family: 微软雅黑, &quot;Microsoft YaHei&quot;;'><em><strong>2019 The Sound Of Q-dance 佛山</strong></em></span></p><p><br></p><p><span style='font-size: 14px; font-family: 微软雅黑, &quot;Microsoft YaHei&quot;;'><em><strong>活动时间</strong></em></span></p><p><span style='font-size: 14px; font-family: 微软雅黑, &quot;Microsoft YaHei&quot;;'><em><strong>6月7日 June 7</strong></em></span></p><p><span style='font-size: 14px; font-family: 微软雅黑, &quot;Microsoft YaHei&quot;;'>Q-dance Invites: GET WACK!</span></p><p><span style='font-size: 14px; font-family: 微软雅黑, &quot;Microsoft YaHei&quot;;'>入场时间：20:00-01:00</span></p><p><span style='font-size: 14px; font-family: 微软雅黑, &quot;Microsoft YaHei&quot;;'>演出时间：21:00-02:00</span></p><p><br></p><p><span style='font-size: 14px; font-family: 微软雅黑, &quot;Microsoft YaHei&quot;;'><em><strong>6月8日 June 8</strong></em></span></p><p><span style='font-size: 14px; font-family: 微软雅黑, &quot;Microsoft YaHei&quot;;'>入场时间：20:00-02:00</span></p><p><span style='font-size: 14px; font-family: 微软雅黑, &quot;Microsoft YaHei&quot;;'>演出时间：21:00-03:00</span></p><p><br></p><p><span style='font-size: 14px; font-family: 微软雅黑, &quot;Microsoft YaHei&quot;;'><em><strong>活动地点</strong></em></span></p><p><span style='font-size: 14px; font-family: 微软雅黑, &quot;Microsoft YaHei&quot;;'>广东佛山 Warehouse Galame</span></p><p><br></p><p><span style='font-size: 14px; font-family: 微软雅黑, &quot;Microsoft YaHei&quot;; background-color: rgb(227, 108, 9); color: rgb(255, 255, 255);'>8号门票售罄啦~剩余少量双日通票在售，还未购票的Q-dancers抓紧最后的机会购票~</span></p><p><span style='font-size: 14px; font-family: 微软雅黑, &quot;Microsoft YaHei&quot;; background-color: rgb(227, 108, 9); color: rgb(255, 255, 255);'></span></p><hr><p><img src='https://s2.showstart.com/img/2019/20190528/d9d0d386af1b48a8bb0729b85e965314_1920_450_360802.0x0.jpg?imageMogr2/thumbnail/640x/gravity/Center/crop/640x' title='/img/2019/20190528/d9d0d386af1b48a8bb0729b85e965314_1920_450_360802.0x0.jpg' alt='' style='font-family: 微软雅黑, &quot;Microsoft YaHei&quot;; font-size: 14px;'></p><p><span style='background-color: rgb(227, 108, 9); color: rgb(255, 255, 255);'><strong><span style='background-color: rgb(227, 108, 9); font-size: 14px; font-family: 微软雅黑, &quot;Microsoft YaHei&quot;;'>Q-dance Travel Package 旅行套票</span></strong></span></p><p><strong><span style='background-color: rgb(227, 108, 9); color: rgb(255, 255, 255);'>套餐详情及购票须知</span></strong>&nbsp; &nbsp;&nbsp; &nbsp; &nbsp;&nbsp;</p><p>套餐中均含有以下物品</p><p>*<strong>两张The Sound Of Q-dance佛山站GA双日套票:</strong> 6月7日GET WACK! &amp; 6月8日The Sound Of Q-dance</p><p>*<strong>所选酒店房型 入住2晚</strong></p><p><br></p><p><strong>套餐A: 曼思顿国际公寓</strong></p><p>曼思顿国际公寓佛山旗舰店坐落于佛山，配备免费WiFi，距离活动会场1.8公里，距离梁园有1.7公里，距离佛山祖庙有2.4公里。</p><p>每间房间都配备露台、平板电视、设施齐全的厨房以及带淋浴设施和免费洗浴用品的私人浴室。每间房间都提供花园景阳台。</p><p>这家公寓距离百花广场有2.8公里，距离黄飞鸿纪念馆有2.8公里。广州白云国际机场距离住宿有54公里。</p><p><img src='https://s2.showstart.com/img/2019/20190528/17c566cc3d10435997e6a21476d8aaa2_708_472_551696.0x0.jpg?imageMogr2/thumbnail/640x/gravity/Center/crop/640x' title='/img/2019/20190528/17c566cc3d10435997e6a21476d8aaa2_708_472_551696.0x0.jpg' alt=''></p><p><img src='https://s2.showstart.com/img/2019/20190528/696f618e2c404e128fc111251d419491_701_466_191451.0x0.jpg?imageMogr2/thumbnail/640x/gravity/Center/crop/640x' title='/img/2019/20190528/696f618e2c404e128fc111251d419491_701_466_191451.0x0.jpg' alt=''></p><p><img src='https://s2.showstart.com/img/2019/20190528/a73d149d5eba4fd4b7f0897be8bf2f80_730_485_253895.0x0.jpg?imageMogr2/thumbnail/640x/gravity/Center/crop/640x' title='/img/2019/20190528/a73d149d5eba4fd4b7f0897be8bf2f80_730_485_253895.0x0.jpg' alt=''></p><p><strong>套餐B:&nbsp;麗枫酒店</strong></p><p>麗枫酒店位于佛山魁奇路地铁站口附近，距离活动会场3.9公里，距离亚洲艺术公园有3.9公里，距离中国陶瓷城有3.9公里。这家住宿距离佛山岭南明珠体育馆有4公里，距离佛山祖庙有5公里。</p><p>所有房间均配备空调、带有线频道的电视、冰箱、电热水壶、淋浴设施和书桌。私人浴室配有免费洗浴用品。房间均配有衣柜。这家住宿还提供亚洲风味早餐。</p><p><img src='https://s2.showstart.com/img/2019/20190528/802b6b39da8948c4982674702b8ae392_730_485_495007.0x0.jpg?imageMogr2/thumbnail/640x/gravity/Center/crop/640x' title='/img/2019/20190528/802b6b39da8948c4982674702b8ae392_730_485_495007.0x0.jpg' alt=''></p><p><img src='https://s2.showstart.com/img/2019/20190528/96d4b924294d492e981eb3a61922e7e9_730_482_338906.0x0.jpg?imageMogr2/thumbnail/640x/gravity/Center/crop/640x' title='/img/2019/20190528/96d4b924294d492e981eb3a61922e7e9_730_482_338906.0x0.jpg' alt=''></p><p><img src='https://s2.showstart.com/img/2019/20190528/7e739b9c50f84ba28b79b9b86f7c6794_730_548_380986.0x0.jpg?imageMogr2/thumbnail/640x/gravity/Center/crop/640x' title='/img/2019/20190528/7e739b9c50f84ba28b79b9b86f7c6794_730_548_380986.0x0.jpg' alt=''></p><p><strong>套餐C:&nbsp;佛山希尔顿酒店</strong></p><p>距离活动会场5.5公里，提供豪华舒适的客房、便利的现代化设施和各种休闲活动。酒店的客人可以在2座游泳池内玩水嬉戏，在Spa中心放松身心，还可以在5间内部餐厅和酒吧内用餐。酒店是客人远离日常工作、度过愉快假期的理想下榻之所。酒店还提供覆盖公共区的免费WiFi。</p><p>佛山希尔顿酒店距离广州铁路南站有20分钟车程，距离白云国际机场有1小时车程，距离琶洲国际会展中心有不到1小时的车程。广交会期间，酒店提供往返中国进出口商品交易会之间的每日巴士服务。酒店距离佛山世纪莲花体育中心有5分钟车程，距离佛山岭南明珠体育馆有15分钟车程。</p><p>每间客房都享有迷人的景致，配有42英寸平板卫星电视、迷你吧、室内保险箱、熨烫设施、沙发以及带浴缸和独立淋浴的独立浴室。部分客房的客人可使用行政酒廊。</p><p>度假的客人可以享受舒缓的按摩，还可以在桑拿浴室内放松休息。酒店还提供订票及汽车租赁服务（以便客人游览周边地区）、外币兑换服务、礼宾服务和每日清洁服务。</p><p>全日餐厅“開”供应所有餐点，提供各种海鲜自助餐和点菜美食。御玺中餐厅供应地道的中式菜肴和传统的顺德美食。'誉'日本铁板烧、炉端烧与寿司餐厅供应精选的日本料理。路吧和“水悦”大堂酒廊供应清凉饮品和下午茶套餐。</p><p><img src='https://s2.showstart.com/img/2019/20190528/129740b9170b4ad0967826758edfadd9_730_487_517726.0x0.jpg?imageMogr2/thumbnail/640x/gravity/Center/crop/640x' title='/img/2019/20190528/129740b9170b4ad0967826758edfadd9_730_487_517726.0x0.jpg' alt=''></p><p><img src='https://s2.showstart.com/img/2019/20190528/4de965ef90da43639926ab4a9b564874_730_487_537764.0x0.jpg?imageMogr2/thumbnail/640x/gravity/Center/crop/640x' title='/img/2019/20190528/4de965ef90da43639926ab4a9b564874_730_487_537764.0x0.jpg' alt=''></p><p><img src='https://s2.showstart.com/img/2019/20190528/f1ed2f8ed05a4127bf36372b0660f851_730_476_422798.0x0.jpg?imageMogr2/thumbnail/640x/gravity/Center/crop/640x' title='/img/2019/20190528/f1ed2f8ed05a4127bf36372b0660f851_730_476_422798.0x0.jpg' alt=''></p><p><img src='https://s2.showstart.com/img/2019/20190528/ba0c2afd0f9144fc8a5f556deccb233d_730_487_402045.0x0.jpg?imageMogr2/thumbnail/640x/gravity/Center/crop/640x' title='/img/2019/20190528/ba0c2afd0f9144fc8a5f556deccb233d_730_487_402045.0x0.jpg' alt=''></p><p><span style='background-color: rgb(227, 108, 9); color: rgb(255, 255, 255);'><strong>门票配送说明</strong></span></p><p><span style='background-color: rgb(227, 108, 9); color: rgb(255, 255, 255);'><strong>门票放置于套餐内所包含的酒店前台，将于办理入住时领取活动门票。</strong></span></p><p><span style='background-color: rgb(227, 108, 9); color: rgb(255, 255, 255);'><strong><br></strong></span></p><p><span style='background-color: rgb(227, 108, 9); color: rgb(255, 255, 255);'><strong>备注：酒店默认床型为大床房，如需双床房请于Check in 时与酒店前台确认，请购买酒店套餐时务必知悉。</strong></span></p><p><br></p><p style='text-align: justify;'><span style='font-size: 14px; font-family: 微软雅黑, &quot;Microsoft YaHei&quot;;'>The Sound Of Q-dance 佛山，更多活动信息及阵容即将公布，敬请期待！</span></p><p style='text-align: justify;'><img src='https://s2.showstart.com/img/2019/20190424/60a2e1c99bfe44009b5c66779e60079e_1080_608_119765.0x0.jpg?imageMogr2/thumbnail/640x/gravity/Center/crop/640x' title='/img/2019/20190424/60a2e1c99bfe44009b5c66779e60079e_1080_608_119765.0x0.jpg' alt=''></p><p style='text-align: justify;'><br></p><hr><p style='text-align: justify;'><br></p><p style='margin-top: 0px; margin-bottom: 0px; padding: 0px; word-break: break-all; color: rgb(102, 102, 102); font-family: &quot;Microsoft YaHei&quot;, 宋体; font-size: 13px; white-space: normal; line-height: 19.5px;'><span style='font-size: 14px; font-family: 微软雅黑, &quot;Microsoft YaHei&quot;;'><strong><span style='font-family: 微软雅黑, &quot;Microsoft YaHei&quot;; line-height: 21px; letter-spacing: 0px; font-size: 14px;'></span></strong></span></p><p><span style='font-size: 14px; font-family: 微软雅黑, &quot;Microsoft YaHei&quot;;'><strong><span style='font-family: 宋体, SimSun; font-size: 14px;'>购票须知</span></strong></span></p><p><span style='font-size: 14px; font-family: 微软雅黑, &quot;Microsoft YaHei&quot;;'><strong><span style='font-family: 宋体, SimSun; font-size: 14px;'>1.本场演出不支持退换票，如无法正常观看，还请自行处理，给您带来不便敬请谅解；</span></strong></span></p><p><span style='font-size: 14px; font-family: 微软雅黑, &quot;Microsoft YaHei&quot;;'><strong><span style='font-family: 宋体, SimSun; font-size: 14px;'>2.本场演出凭电子票二维码核验入场，无实体票，场地内不设座位，均为站席观演；</span></strong></span></p><p><span style='font-size: 14px; font-family: 微软雅黑, &quot;Microsoft YaHei&quot;;'><strong><span style='font-family: 宋体, SimSun; font-size: 14px;'>3.请勿发布任何形式的转票信息；</span></strong></span></p><p><span style='font-size: 14px; font-family: 微软雅黑, &quot;Microsoft YaHei&quot;;'><strong><span style='font-family: 宋体, SimSun; font-size: 14px;'>4.门票仅为单次入场凭证，不可反复出入；</span></strong></span></p><p><span style='font-size: 14px; font-family: 微软雅黑, &quot;Microsoft YaHei&quot;;'><strong><span style='font-family: 宋体, SimSun; font-size: 14px;'>5.儿童谢绝入场。</span></strong></span></p>"),
    (NULL,"声音碎片“遍地风流”2019巡演 上海站","<p><strong><span style='font-family: 宋体, SimSun; font-size: 14px;'>演出艺人：</span><span style='font-family: 宋体, SimSun; font-size: 14px;'>声音碎片</span><br></strong></p><p><strong><span style='font-size: 14px; font-family: 宋体, SimSun;'>演出场地：上海 MODERNSKY LAB</span></strong></p><p><br></p><p><br></p><p><br></p><p><span style='font-size: 14px; font-family: 宋体, SimSun;'>阔别十年，他们来了！声音碎片“遍地风流”2019全国巡演即将重返大地。</span></p><p><span style='font-size: 14px; font-family: 宋体, SimSun;'>&nbsp;</span></p><p><span style='font-size: 14px; font-family: 宋体, SimSun;'>今年的巡演有6月和9月两轮，几乎涵盖了国内最重要的城市和演出场地。第一轮将从6月7日上海Modernsky Lab开始，一路南巡途径南京、无锡、苏州、杭州、宁波、福州、厦门、深圳，于6月22在广州收官。第二轮巡演从9月6日至9月15日，分别在郑州、武汉、长沙、重庆、成都、西安和兰州。目前，第一轮巡演的全部十站已在“正在现场”开售；4月9日“秀动”平台同步开票。</span></p><p><span style='font-size: 14px; font-family: 宋体, SimSun;'>&nbsp;</span></p><p><span style='font-size: 14px; font-family: 宋体, SimSun;'>2008年声音碎片第三张专辑《把光芒洒向更开阔的地方》推出之后，无数乐迷便期待着他们下一张专辑的诞生，一等即十年。去年底，声音碎片终于通过一场北京“神游”新歌首发，才让这张千呼万唤的新作浮出海面。目前，这张新专辑计划在5月发行。声音碎片最后一支预热单曲《送流水》即将于下周一（4月8日）10:00准时上线。</span></p><p><span style='font-size: 14px; font-family: 宋体, SimSun;'>&nbsp;</span></p><p><span style='font-size: 14px; font-family: 宋体, SimSun;'>&nbsp;&nbsp;&nbsp;&nbsp;从“情歌而已”到“遍地风流”，声音碎片全国巡演的时间跨度也从2009年飞逝到2019年。十年弹指一挥间，声音碎片过往的数首作品也已在时间的打磨下，沉淀成经典。成员们从而立到不惑，在他们的新作中，残酷青春重返大地，走向落日苍茫的壮美。成军十八年的声音碎片虽不高产，却扎扎实实地做到了每出一张专辑都必定有它的分量。新专辑将于巡演前推出，敬请期待。</span></p><p><br></p><p><br></p><p><br></p><p><strong><span style='font-size: 14px; font-family: 宋体, SimSun;'>购票须知</span></strong></p><p><strong><span style='font-size: 14px; font-family: 宋体, SimSun;'>1.本场演出不支持退换票，如无法正常观看，还请自行处理，给您带来不便敬请谅解；</span></strong></p><p><strong><span style='font-size: 14px; font-family: 宋体, SimSun;'>2.本场演出凭电子票二维码核验入场，无实体票，场地内不设座位，均为站席观演；</span></strong></p><p><strong><span style='font-size: 14px; font-family: 宋体, SimSun;'>3.秀动网严禁发布任何形式的转票、求票及个人联系信息，秀动网有权取消违规者订单、留言（情节严重的将进行禁言直至账户冻结处罚）。</span></strong></p><p><br></p>"),
    (NULL,"独家【以太呈献】厨子和戏子“无归”2019巡回济南站","<p style='text-align: left;'><strong><span style='font-family: 宋体, SimSun; font-size: 14px;'>演出艺人：厨子和戏子</span></strong></p><p style='text-align: left;'><strong><span style='font-family: 宋体, SimSun; font-size: 14px;'>演出场地：济南 班卓音乐酒吧</span></strong></p><p style='text-align: left;'><span style='font-family: 宋体, SimSun; font-size: 14px;'><br></span></p><p style='text-align: left;'><span style='font-family: 宋体, SimSun; font-size: 14px;'><br></span></p><p style='text-align: center;'><span style='font-family: 宋体, SimSun; font-size: 12px;'>“廿叁”已去不归，而时间缠绕起一个又一个个体、一件又一件已生故事，交织起凌乱又无限蔓延的记忆。去吧，去触碰海水、去寻找野火、去照会离别、去触碰每一段偶遇勾勒出的情节，又或许在海水里寻找一熄尚存的野火，抑或是看见了离别时被冻住的双眼。这一次，哪怕被丢弃，也不归来。这是厨子和戏子鲜有人知的内心世界，它们极度个体、极度自我。嗅一口这春天潮湿的空气，我们与你赴一场不归的见面。</span></p><p style='text-align: center;'><span style='font-family: 宋体, SimSun; font-size: 12px;'><br></span></p><p style='text-align: center;'><img src='https://s2.showstart.com/img/2019/20190425/d15a3f9df0814a62a8c2e7448c726a62_3544_4725_9236484.0x0.jpg?imageMogr2/thumbnail/640x/gravity/Center/crop/640x' title='/img/2019/20190425/d15a3f9df0814a62a8c2e7448c726a62_3544_4725_9236484.0x0.jpg' alt=''></p><p style='text-align: center;'><span style='font-family: 宋体, SimSun; font-size: 12px;'><br></span></p><p style='text-align: center;'><span style='font-family: 宋体, SimSun; font-size: 12px;'>厨子和戏子“无归”2019全国巡回全站次公布：</span></p><p style='text-align: center;'><span style='font-family: 宋体, SimSun; font-size: 12px;'>（壹）</span></p><p style='text-align: center;'><span style='font-family: 宋体, SimSun; font-size: 12px;'>5/23 重庆 坚果LIVEHOUSE</span></p><p style='text-align: center;'><span style='font-family: 宋体, SimSun; font-size: 12px;'><strong>*5/24 成都 NU SPACE</strong></span></p><p style='text-align: center;'><span style='font-family: 宋体, SimSun; font-size: 12px;'>5/26 西安 无穹俱乐部</span></p><p style='text-align: center;'><span style='font-family: 宋体, SimSun; font-size: 12px;'>6/6 青岛 Downtownbar</span></p><p style='text-align: center;'><span style='font-family: 宋体, SimSun; font-size: 12px;'>6/7 济南 班卓音乐酒吧</span></p><p style='text-align: center;'><span style='font-family: 宋体, SimSun; font-size: 12px;'><strong>*6/8 北京 疆进酒·OMNI SPACE</strong></span></p><p style='text-align: center;'><span style='font-family: 宋体, SimSun; font-size: 12px;'>6/9 天津 13CLUB</span></p><p style='text-align: center;'><span style='font-family: 宋体, SimSun; font-size: 12px;'>6/11 沈阳 理想之上Livehouse</span></p><p style='text-align: center;'><span style='font-family: 宋体, SimSun; font-size: 12px;'>6/12 石家庄 地下丝绒音乐餐吧</span></p><p style='text-align: center;'><span style='font-family: 宋体, SimSun; font-size: 12px;'>6/13 郑州 7LIVEHOUSE</span></p><p><br></p><p style='text-align: center;'><span style='font-family: 宋体, SimSun; font-size: 12px;'>（贰）</span></p><p style='text-align: center;'><span style='font-family: 宋体, SimSun; font-size: 12px;'>9/6 无锡 活塞LIVEHOUSE</span></p><p style='text-align: center;'><span style='font-family: 宋体, SimSun; font-size: 12px;'><strong>*9/7 上海 Lofas</strong></span></p><p style='text-align: center;'><span style='font-family: 宋体, SimSun; font-size: 12px;'>9/8 苏州 山丘咖啡HILLHOUSE</span></p><p style='text-align: center;'><span style='font-family: 宋体, SimSun; font-size: 12px;'>9/12 长沙 VOX LIVEHOUSE</span></p><p style='text-align: center;'><span style='font-family: 宋体, SimSun; font-size: 12px;'><strong>*9/13 武汉 VOX LIVEHOUSE</strong></span></p><p style='text-align: center;'><span style='font-family: 宋体, SimSun; font-size: 12px;'><strong>*9/14 合肥 On The Way</strong></span></p><p><br></p><p style='text-align: center;'><span style='font-family: 宋体, SimSun; font-size: 12px;'>（叁）</span></p><p style='text-align: center;'><span style='font-family: 宋体, SimSun; font-size: 12px;'><strong>*10/19 杭州 MAO Livehouse</strong></span></p><p style='text-align: center;'><span style='font-family: 宋体, SimSun; font-size: 12px;'>10/20 宁波 灯塔Livehouse</span></p><p style='text-align: center;'><span style='font-family: 宋体, SimSun; font-size: 12px;'>10/23 温州 盲堂</span></p><p style='text-align: center;'><span style='font-family: 宋体, SimSun; font-size: 12px;'>10/24 福州 唯美客MAKER LIVE</span></p><p style='text-align: center;'><span style='font-family: 宋体, SimSun; font-size: 12px;'>10/25 厦门 RealLive</span></p><p style='text-align: center;'><span style='font-family: 宋体, SimSun; font-size: 12px;'><strong>*10/26 深圳 HOU LIVE</strong></span></p><p style='text-align: center;'><span style='font-family: 宋体, SimSun; font-size: 12px;'>10/27 广州 191Space</span></p><p style='text-align: center;'><span style='font-family: 宋体, SimSun; font-size: 12px;'>10/28 南昌 黑铁LIVEHOUSE</span></p><p style='text-align: center;'><span style='font-family: 宋体, SimSun; font-size: 12px;'>标*场次均为厨子和戏子大编乐队演出完整呈现</span></p><p style='text-align: center;'><span style='font-family: 宋体, SimSun; font-size: 12px;'><br></span></p><p style='text-align: center;'><span style='font-family: 宋体, SimSun; font-size: 12px;'>&nbsp;<img src='https://s2.showstart.com/img/2019/20190425/6bdd2783140546e7953f2bc9eb632367_4000_2667_1564953.0x0.jpg?imageMogr2/thumbnail/640x/gravity/Center/crop/640x' title='/img/2019/20190425/6bdd2783140546e7953f2bc9eb632367_4000_2667_1564953.0x0.jpg' alt=''></span></p><p style='text-align: center;'><span style='font-family: 宋体, SimSun; font-size: 12px;'><br></span></p><p style='text-align: center;'><strong><span style='font-family: 宋体, SimSun; font-size: 12px;'>他们面面相觑</span></strong></p><p style='text-align: center;'><strong><span style='font-family: 宋体, SimSun; font-size: 12px;'>心事自带回响</span></strong></p><p style='text-align: center;'><span style='font-family: 宋体, SimSun; font-size: 12px;'><br></span></p><p style='text-align: center;'><span style='font-family: 宋体, SimSun; font-size: 12px;'>&nbsp;<img src='https://s2.showstart.com/img/2019/20190425/26e3094d82a646f38edb88a40933b98e_2167_1079_56126.0x0.jpg?imageMogr2/thumbnail/640x/gravity/Center/crop/640x' title='/img/2019/20190425/26e3094d82a646f38edb88a40933b98e_2167_1079_56126.0x0.jpg' alt=''></span></p><p style='text-align: center;'><span style='font-family: 宋体, SimSun; font-size: 12px;'><br></span></p><p style='text-align: center;'><span style='font-family: 宋体, SimSun; font-size: 12px;'>如果说每个人的内心世界是一个个不可窥探的秘密，<br></span></p><p style='text-align: center;'><span style='font-family: 宋体, SimSun; font-size: 12px;'>那厨子和戏子过往的直白就是那些未被磨平的棱角。</span></p><p style='text-align: center;'><span style='font-family: 宋体, SimSun; font-size: 12px;'>那个曾经唱着远古神话开天辟地的；</span></p><p style='text-align: center;'><span style='font-family: 宋体, SimSun; font-size: 12px;'>唱着李白忧愤深广的将进酒的；</span></p><p style='text-align: center;'><span style='font-family: 宋体, SimSun; font-size: 12px;'>唱着二十岁时尚显稚嫩的梦言臆语的；</span></p><p style='text-align: center;'><span style='font-family: 宋体, SimSun; font-size: 12px;'>唱着一往无前的英雄主义的厨子和戏子，</span></p><p style='text-align: center;'><span style='font-family: 宋体, SimSun; font-size: 12px;'>在二十四岁的年纪，决定这一次，坚定地去表达内心世界。</span></p><p style='text-align: center;'><span style='font-family: 宋体, SimSun; font-size: 12px;'><br></span></p><p style='text-align: center;'><img src='https://s2.showstart.com/img/2019/20190425/b27325cb06c049a4a4cd8db16e56630b_4000_2667_1927533.0x0.jpg?imageMogr2/thumbnail/640x/gravity/Center/crop/640x' title='/img/2019/20190425/b27325cb06c049a4a4cd8db16e56630b_4000_2667_1927533.0x0.jpg' alt=''></p><p style='text-align: center;'><span style='font-family: 宋体, SimSun; font-size: 12px;'><br></span></p><p style='text-align: center;'><span style='font-family: 宋体, SimSun; font-size: 12px;'>EP《无归》 －不归来<br></span></p><p style='text-align: center;'><span style='font-family: 宋体, SimSun; font-size: 12px;'>是厨子和戏子二人将内心所想袒露无遗的一个方式。无论是忧愁、疑惑、不安、冲动都丝毫不加掩饰，笃定的眼神是他们柔软与敏感的外化。《无归》收录了厨子、戏子各自独立创作的两首歌曲，二人大改以往在唱词上的配合，首次尝试独立演唱，和以往中式摇滚风不同，他们用全新的方式，极度高保真地还原了二人的内心世界。&nbsp;</span></p><p style='text-align: center;'><span style='font-family: 宋体, SimSun; font-size: 12px;'><br></span></p><p style='text-align: center;'><img src='https://s2.showstart.com/img/2019/20190425/fabbff07347d4eb9ac1d2b6589ce4e78_4032_3024_2494188.0x0.jpg?imageMogr2/thumbnail/640x/gravity/Center/crop/640x' title='/img/2019/20190425/fabbff07347d4eb9ac1d2b6589ce4e78_4032_3024_2494188.0x0.jpg' alt=''></p><p style='text-align: center;'><span style='font-family: 宋体, SimSun; font-size: 12px;'><br></span></p><p style='text-align: center;'><span style='font-family: 宋体, SimSun; font-size: 12px;'>除了歌曲本身的不同，团队这次尤其注重人物的个体平面视觉。我们与好朋友sayo在上海初碰后，当即有了一些零散的视觉概念：基于《无归》中二人所创作的两首歌曲的不同情绪，大胆尝试异材料质感的脸部涂抹。&nbsp;<br></span></p><p style='text-align: center;'><span style='font-family: 宋体, SimSun; font-size: 12px;'><br></span></p><p style='text-align: center;'><img src='https://s2.showstart.com/img/2019/20190425/5042ef3f64f348febc734725c84b894c_4032_3024_1185125.0x0.jpg?imageMogr2/thumbnail/640x/gravity/Center/crop/640x' title='/img/2019/20190425/5042ef3f64f348febc734725c84b894c_4032_3024_1185125.0x0.jpg' alt=''></p><p style='text-align: center;'><span style='font-family: 宋体, SimSun; font-size: 12px;'><br></span></p><p style='text-align: center;'><span style='font-family: 宋体, SimSun; font-size: 12px;'>不过坦率讲我们在回南京的列车上确实有些犹豫，因为厨子、戏子一直以素面示人，有过怕方枘圆凿的担心，可当视觉策划方案出炉后，一切顾虑烟消云散，我们当即敲定下了整套方案并迅速对完了所有细节，很快就安排了去到上海的棚拍工作。</span></p><p><br></p><p style='text-align: center;'><span style='font-family: 宋体, SimSun; font-size: 12px;'>曲目001-《海水里的野火》／秦秀乾</span></p><p style='text-align: center;'><span style='font-family: 宋体, SimSun; font-size: 12px;'><img src='https://s2.showstart.com/img/2019/20190425/57f4c7305e854cc4825a9a7591bb6b0c_3971_2549_1959419.0x0.jpg?imageMogr2/thumbnail/640x/gravity/Center/crop/640x' title='/img/2019/20190425/57f4c7305e854cc4825a9a7591bb6b0c_3971_2549_1959419.0x0.jpg' alt=''></span></p><p style='text-align: center;'><span style='font-family: 宋体, SimSun; font-size: 12px;'><br></span></p><p style='text-align: center;'><span style='font-family: 宋体, SimSun; font-size: 12px;'>抓取“海水”、“野火”的意象，秦秀乾以面部大面积蓝色砂砾进行涂抹，“海水”淹没至双眼，深深浅浅地拍打在脸上，内心的野火又藏匿在眼后不被人轻易发觉。我们都深爱着大海，因为它看似孤独，可在他的肚子里，热闹的很。</span></p><p><br></p><p style='text-align: center;'><span style='font-family: 宋体, SimSun; font-size: 12px;'>曲目002-《我想你要离开了》／童子文</span></p><p style='text-align: center;'><span style='font-family: 宋体, SimSun; font-size: 12px;'><em>&nbsp;</em><img src='https://s2.showstart.com/img/2019/20190425/76def0040bbb41d7bf8c0ce1e44bebff_4000_2667_2066301.0x0.jpg?imageMogr2/thumbnail/640x/gravity/Center/crop/640x' title='/img/2019/20190425/76def0040bbb41d7bf8c0ce1e44bebff_4000_2667_2066301.0x0.jpg' alt=''></span></p><p style='text-align: center;'><span style='font-family: 宋体, SimSun; font-size: 12px;'><br></span></p><p style='text-align: center;'><span style='font-family: 宋体, SimSun; font-size: 12px;'>孑然一身站立在大雪的中央，融化的雪水早已浸湿了发，回头望你一眼，用潮湿冰冻的双眼看着你离开。“什么时候才是真正刺骨的寒冷？”这可是个难回答的问题啊！在这个世界上没有太多感同身受这回事儿，但这句话他想是例外，“我想你要离开了。”</span></p><p style='text-align: center;'><span style='font-family: 宋体, SimSun; font-size: 12px;'><br></span></p><p style='text-align: center;'><span style='font-family: 宋体, SimSun; font-size: 12px;'><img src='https://s2.showstart.com/img/2019/20190425/bb2eaad0aab44e8e844e9545b2193c5f_2666_4000_1102798.0x0.jpg?imageMogr2/thumbnail/640x/gravity/Center/crop/640x' title='/img/2019/20190425/bb2eaad0aab44e8e844e9545b2193c5f_2666_4000_1102798.0x0.jpg' alt=''>&nbsp;</span></p><p style='text-align: center;'><span style='font-family: 宋体, SimSun; font-size: 12px;'><br></span></p><p style='text-align: center;'><strong><span style='font-family: 宋体, SimSun; font-size: 12px;'>四季轮回转</span></strong></p><p style='text-align: center;'><strong><span style='font-family: 宋体, SimSun; font-size: 12px;'>少年独凭栏</span></strong><span style='font-family: 宋体, SimSun; font-size: 12px;'><br></span></p><p><br></p><p style='text-align: center;'><span style='font-family: 宋体, SimSun; font-size: 12px;'>厨子和戏子，两个刚刚纪念完及冠的少年，青春有如群岚间的清风，值得唤醒一切模糊的脸庞。微妙的少年心事难以琢磨，情绪的变化忽明忽暗，《无归》即是须臾之间的完美捕捉，每个人成长的任一瞬间都值得被深深印记。</span></p><p style='text-align: center;'><span style='font-family: 宋体, SimSun; font-size: 12px;'><br></span></p><p style='text-align: center;'><span style='font-family: 宋体, SimSun; font-size: 12px;'>&nbsp;<img src='https://s2.showstart.com/img/2019/20190425/4d2954f282ee4b59b23468e2fa072a0a_4000_2666_2114332.0x0.jpg?imageMogr2/thumbnail/640x/gravity/Center/crop/640x' title='/img/2019/20190425/4d2954f282ee4b59b23468e2fa072a0a_4000_2666_2114332.0x0.jpg' alt=''></span></p><p style='text-align: center;'><span style='font-family: 宋体, SimSun; font-size: 12px;'><br></span></p><p style='text-align: center;'><span style='font-family: 宋体, SimSun; font-size: 12px;'>可惜 时间没办法停下来，即使你我结伴踏上不归，也终究免不了一场场草草的分别。再次归来，仍是少年。<br></span></p><p style='text-align: center;'><span style='font-family: 宋体, SimSun; font-size: 12px;'><br></span></p><p style='text-align: center;'><span style='font-family: 宋体, SimSun; font-size: 12px;'>&nbsp;<img src='https://s2.showstart.com/img/2019/20190425/a85abf35d36044c8b9d6b5b3cb5bfd2f_4000_2664_1311516.0x0.jpg?imageMogr2/thumbnail/640x/gravity/Center/crop/640x' title='/img/2019/20190425/a85abf35d36044c8b9d6b5b3cb5bfd2f_4000_2664_1311516.0x0.jpg' alt=''></span></p><p style='text-align: center;'><span style='font-family: 宋体, SimSun; font-size: 12px;'><br></span></p><p style='text-align: center;'><span style='font-family: 宋体, SimSun; font-size: 12px;'>五月底开始</span></p><p style='text-align: center;'><span style='font-family: 宋体, SimSun; font-size: 12px;'>厨子和戏子的“无归”之旅会来到你的城市</span></p><p style='text-align: center;'><span style='font-family: 宋体, SimSun; font-size: 12px;'>单程的梦境</span></p><p style='text-align: center;'><span style='font-family: 宋体, SimSun; font-size: 12px;'>希望你来一起完成</span></p><p style='text-align: center;'><span style='font-family: 宋体, SimSun; font-size: 12px;'>在离开之前让我唱首歌</span></p><p style='text-align: center;'><span style='font-family: 宋体, SimSun; font-size: 12px;'>沿着贯穿世界的消亡</span></p><p style='text-align: center;'><span style='font-family: 宋体, SimSun; font-size: 12px;'>送到你的耳边</span></p><p><br></p><p style='text-align: center;'><span style='font-family: 宋体, SimSun; font-size: 12px;'>微小的剧透：EP《无归》还邀请了神秘制作人与我们合作哟。</span></p><p style='text-align: left;'><span style='font-family: 宋体, SimSun; font-size: 14px;'><br></span></p><p style='text-align: left;'><span style='font-family: 宋体, SimSun; font-size: 14px;'><br></span></p><p style='text-align: left;'><span style='font-family: 宋体, SimSun; font-size: 14px;'><br></span></p><p style='text-align: left;'><span style='font-family: 宋体, SimSun; font-size: 14px;'></span></p><p style='margin-top:0;margin-right:0;margin-bottom:0;margin-left:0;text-indent:0;padding:0 0 0 0 ;text-autospace:ideograph-numeric;text-align:justify;text-justify:inter-ideograph;line-height:150%'><strong><span style='line-height: 150%; letter-spacing: 0px; font-size: 14px; font-family: 宋体;'>购票须知</span></strong></p><p style='margin-top:0;margin-right:0;margin-bottom:0;margin-left:0;text-indent:0;padding:0 0 0 0 ;text-autospace:ideograph-numeric;text-align:justify;text-justify:inter-ideograph;line-height:150%'><strong><span style='font-family: 宋体;line-height: 150%;letter-spacing: 0;font-size: 14px'>1.本场演出不支持退换票，如无法正常观看，还请自行处理，给您带来不便敬请谅解；</span></strong></p><p style='margin-top:0;margin-right:0;margin-bottom:0;margin-left:0;text-indent:0;padding:0 0 0 0 ;text-autospace:ideograph-numeric;text-align:justify;text-justify:inter-ideograph;line-height:150%'><strong><span style='font-family: 宋体;line-height: 150%;letter-spacing: 0;font-size: 14px'>2.本场演出凭电子票二维码核验入场，无实体票，场地内不设座位，均为站席观演；</span></strong></p><p style='margin-top:0;margin-right:0;margin-bottom:0;margin-left:0;text-indent:0;padding:0 0 0 0 ;text-autospace:ideograph-numeric;text-align:justify;text-justify:inter-ideograph;line-height:150%'><strong><span style='font-family: 宋体;line-height: 150%;letter-spacing: 0;font-size: 14px'>3.请勿发布任何形式的转票信息。</span></strong></p><p style='text-align: left;'><span style='font-family: 宋体, SimSun; font-size: 14px;'><br></span></p><p style='text-align: left;'><span style='font-family: 宋体, SimSun; font-size: 14px;'><br></span><br></p><p><br></p>"),
    (NULL,"独家Last Goodbye乐队首张专辑巡演 武汉站","<p style='margin-top:0;margin-right:0;margin-bottom:0;margin-left:0;text-indent:0;padding:0 0 0 0 ;text-align:justify;text-justify:inter-ideograph'><span style='font-family: 宋体, SimSun; font-size: 14px;'><strong><span style='font-family: 宋体, SimSun; letter-spacing: 0px;'>参演艺人：Last Goodbye</span></strong></span></p><p style='margin-top:0;margin-right:0;margin-bottom:0;margin-left:0;text-indent:0;padding:0 0 0 0 ;text-align:justify;text-justify:inter-ideograph'><span style='font-family: 宋体, SimSun; font-size: 14px;'><strong><span style='letter-spacing: 0px; font-size: 14px; font-family: 宋体;'>演出场地：武汉 VOX LIVEHOUSE</span></strong></span></p><p><br></p><p><br></p><p style='text-align: justify;'><span style='font-family: 宋体, SimSun; font-size: 14px;'>草长莺飞，北京“噪盯迷”场景中的低调的存在Last Goodbye也将在一片温和湿润里开启他们的首次全国巡回演出。</span></p><p><br></p><p style='text-align: justify;'><span style='font-family: 宋体, SimSun; font-size: 14px;'>该怎么给大家介绍一支年轻乐队，以至于让大家感兴趣呢？是件让人头疼的事，况且是这样一支腼腆的乐队。过去三年多，Last Goodbye一直走的很慢。从06年第一次以嘉宾身份亮相Fazi北京站专场到现在，他们极少说什么，极少外地演出。演出，签约，录音，制作，出专辑，一切都是沉默中进行，像一个从我们身边经过的少年，头低低的，什么也不说。</span></p><p style='text-align: justify;'><span style='font-family: 宋体, SimSun; font-size: 14px;'><br></span></p><p style='text-align: justify;'><img src='https://s2.showstart.com/img/2019/20190412/b5ec9b3ba54e4cceb82dbb6f509bb35c_1280_853_385356.0x0.jpg?imageMogr2/thumbnail/640x/gravity/Center/crop/640x' title='/img/2019/20190412/b5ec9b3ba54e4cceb82dbb6f509bb35c_1280_853_385356.0x0.jpg' alt=''></p><p style='text-align: justify;'><br></p><p style='text-align: justify;'><span style='font-family: 宋体, SimSun; font-size: 14px;'>焦虑，失眠，脱发，抑郁，互联网上年轻人们扎堆情绪低迷。Last Goodbey刚刚发行的首张同名专辑几乎可以说是这些状态的缩影，每首歌听上去都不太高兴。《Running Late》里对于早起工作的怨气，《Forget Past》亲密关系中的谎言让人无路可走，《Demon》里与内心恶种的对话和嘶吼……没有什么形而上的立意，几乎每首歌都是牛牛贴着自己的生活和精神状态写出的。对于吉他段落循环的执着让他们的音乐很容易区分。几乎没有什么模糊不清的部分，清晰分明的吉他贝斯鼓层层叠加，还原出一个不开心的时间段落，一个年轻人在里面独自徘徊。</span></p><p style='text-align: justify;'><span style='font-family: 宋体, SimSun; font-size: 14px;'><br></span></p><p style='text-align: justify;'><img src='https://s2.showstart.com/img/2019/20190412/b13d14d0401441b28a7e76dcd9a2a283_690_659_34240.0x0.jpg?imageMogr2/thumbnail/640x/gravity/Center/crop/640x' title='/img/2019/20190412/b13d14d0401441b28a7e76dcd9a2a283_690_659_34240.0x0.jpg' alt=''></p><p style='text-align: justify;'><br></p><p style='text-align: justify;'><span style='font-family: 宋体, SimSun; font-size: 14px;'>作为主唱，牛牛一反常态，是乐队里最寡言少语的那个，常常看不出他的情绪，并且长期是演出现场最早回家的那个参演人员。前几周Last Goodbye去北京音乐广播做了一期节目，不善言辞的他们十分青涩，对于主持人大部分问题，牛牛回答都很极简。贝斯手狗狗则是个充满幻想的小女孩。平时作为一个需要坐班的设计师，她身上常常穿戴着些可可爱爱小玩意，聊起自己喜欢的乐队和玩具手办立刻星星眼，面对陌生人时却有时常害羞。如果你关注Vice，可以看看他们最近推出的视频“不正经少女设计师的设计之旅”，主要记录狗狗与同事的东京漫游经历，可能会一秒被她圈粉。乐队另外两位成员，鼓手和吉他则完全是两个大男孩模样，穿着自己喜欢的乐队T恤演出，时不时在朋友圈分享自己喜欢的歌，接受采访的时候常常眼神游离。</span></p><p style='text-align: justify;'><span style='font-family: 宋体, SimSun; font-size: 14px;'><br></span></p><p style='text-align: justify;'><img src='https://s2.showstart.com/img/2019/20190412/d5b7e39bb47c4bb6bd15cd93d1d1fcfd_1280_853_264486.0x0.jpg?imageMogr2/thumbnail/640x/gravity/Center/crop/640x' title='/img/2019/20190412/d5b7e39bb47c4bb6bd15cd93d1d1fcfd_1280_853_264486.0x0.jpg' alt=''></p><p style='text-align: justify;'><br></p><p style='text-align: justify;'><span style='font-family: 宋体, SimSun; font-size: 14px;'>写到最后想想，真诚和谦卑可能是Last Goodbye最打动人的地方。在他们的音乐里，很多日出纠结的部分一下就打开了。莫名的沮丧，厌倦社交，沉默，又何尝不可呢？是呀，不必强求或隐藏什么，那这样吧，自己舒适就是最好。</span></p><p><br></p><p><br></p><p><br></p><p><strong><span style='font-family: 宋体, SimSun; font-size: 14px;'>购票须知</span></strong></p><p><strong><span style='font-family: 宋体, SimSun; font-size: 14px;'>1.本场演出不支持退换票，如无法正常观看，还请自行处理，给您带来不便敬请谅解；</span></strong></p><p><strong><span style='font-family: 宋体, SimSun; font-size: 14px;'>2.本场演出凭电子票二维码核验入场，无实体票，场地内不设座位，均为站席观演；</span></strong></p><p><strong><span style='font-family: 宋体, SimSun; font-size: 14px;'>3.学生票需携带有效学生证到现场验票；</span></strong></p><p><strong><span style='font-family: 宋体, SimSun; font-size: 14px;'>4.秀动网严禁发布任何形式的转票、求票及个人联系信息，秀动网有权取消违规者订单、留言（情节严重的将进行禁言直至账户冻结处罚）。</span></strong></p><p><br></p>"),
    (NULL,"DAN TEPFER TRIO","<p><img src='https://s2.showstart.com/img/2019/20190507/d9086aa95a114921bbf5cc51ab26ff7e_553_273_24154.0x0.jpg?imageMogr2/thumbnail/640x/gravity/Center/crop/640x' title='/img/2019/20190507/d9086aa95a114921bbf5cc51ab26ff7e_553_273_24154.0x0.jpg' alt=''></p><p><br></p><p><br></p><p><span style='font-size: 14px; font-family: 宋体, SimSun;'><strong>日期/Date：2019年6月7日（周五）</strong></span></p><p><span style='font-size: 14px; font-family: 宋体, SimSun;'><strong>第一场1st</strong></span></p><p><span style='font-size: 14px; font-family: 宋体, SimSun;'>入场时间/Door Time：6:00 PM</span></p><p><span style='font-size: 14px; font-family: 宋体, SimSun;'>演出时间/Show Time：7:30PM</span></p><p><span style='font-size: 14px; font-family: 宋体, SimSun;'>&nbsp;</span></p><p><span style='font-size: 14px; font-family: 宋体, SimSun;'>B2剧场票价Ticket Price：</span></p><p><span style='font-size: 14px; font-family: 宋体, SimSun;'>260（边座）/340（主座）RMB</span></p><p><span style='font-size: 14px; font-family: 宋体, SimSun;'>&nbsp;</span></p><p><span style='font-size: 14px; font-family: 宋体, SimSun;'><strong>日期/Date：2019年6月7日（周五）</strong></span></p><p><span style='font-size: 14px; font-family: 宋体, SimSun;'><strong>第二场2nd</strong></span></p><p><span style='font-size: 14px; font-family: 宋体, SimSun;'>入场时间/Door Time：9:30PM</span></p><p><span style='font-size: 14px; font-family: 宋体, SimSun;'>演出时间/Show Time：10:00PM</span></p><p><span style='font-size: 14px; font-family: 宋体, SimSun;'>地址/Add：前门东大街23号 Blue Note Beijing</span></p><p><span style='font-size: 14px; font-family: 宋体, SimSun;'>23 Qianmen East Street. Dongcheng District. Beijing</span></p><p><span style='font-size: 14px; font-family: 宋体, SimSun;'>电话Tel：170-0000-0288</span></p><p><span style='font-size: 14px; font-family: 宋体, SimSun;'>&nbsp;</span></p><p><span style='font-size: 14px; font-family: 宋体, SimSun;'>B2剧场票价Ticket Price：</span></p><p><span style='font-size: 14px; font-family: 宋体, SimSun;'>240（边座）/320（主座）RMB</span></p><p><span style='font-size: 14px; font-family: 宋体, SimSun;'><strong>&nbsp;<br></strong></span></p><p><span style='font-size: 14px; font-family: 宋体, SimSun;'><strong>Mercedes-Benz JAZZ MASTER SERIES </strong></span></p><p><span style='font-size: 14px; font-family: 宋体, SimSun;'><strong>梅赛德斯-奔驰特别呈现爵士大师堂系列</strong></span></p><p><span style='font-size: 14px; font-family: 宋体, SimSun;'>&nbsp;</span></p><p><span style='font-size: 14px; font-family: 宋体, SimSun;'><strong>乐队成员</strong></span></p><p><span style='font-size: 14px; font-family: 宋体, SimSun;'>Dan Tepfer&nbsp;- piano</span></p><p><span style='font-size: 14px; font-family: 宋体, SimSun;'>Jorge Roeder-&nbsp;bass</span></p><p><span style='font-size: 14px; font-family: 宋体, SimSun;'>Nate Wood&nbsp;- drums</span></p><p><br></p><p><img src='https://s2.showstart.com/img/2019/20190507/af2230269bb8410b9c42c19acc82ffbb_552_368_21928.0x0.jpg?imageMogr2/thumbnail/640x/gravity/Center/crop/640x' title='/img/2019/20190507/af2230269bb8410b9c42c19acc82ffbb_552_368_21928.0x0.jpg' alt=''></p><p><span style='font-size: 14px; font-family: 宋体, SimSun;'><strong>DAN TEPFER</strong></span></p><p><span style='font-size: 14px; font-family: 宋体, SimSun;'>&nbsp;</span></p><p><span style='font-size: 14px; font-family: 宋体, SimSun;'>Dan Tepfer以钢琴家和作曲家的身份而闻名。他是一位野心勃勃、个性鲜明、创作经历丰富的音乐家。用《华盛顿邮报》的话说，他是“一位非凡的音乐家”，法国《Télérama》称他为一位“拒绝给自己设限的人”。1982年出生在巴黎的Tepfer，父母都是美国人，他曾与爵士乐界的一些领军人物合作过，包括与经验丰富的萨克斯大师Lee Konitz合作。</span></p><p><span style='font-size: 14px; font-family: 宋体, SimSun;'>&nbsp;</span></p><p><span style='font-size: 14px; font-family: 宋体, SimSun;'>作为一名乐队的领队，Tepfer精心打造着以广度和深度著称的音乐专辑。从探索个人即兴创作的专辑及亲密的二重奏专辑，到层次丰富的原创作品带来的三重奏专辑。他的Sunnyside /Naïve专辑《Goldberg Variations / Variations》你能看到这位获奖钢琴家演奏的J.S. 巴赫的杰作以及即兴创作，被称为：“跨越几个世纪和流派建立一座桥梁”（《华尔街日报》）和“令人印象深刻的壮举，不断回归到热情和持久的尊重”（《纽约时报》）。</span></p><p><span style='font-size: 14px; font-family: 宋体, SimSun;'>&nbsp;</span></p><p><span style='font-size: 14px; font-family: 宋体, SimSun;'>作为一名作曲家，Tepfer获得了美国艺术与文学学院Charles Ives奖学金，他的获奖作品包括在布拉格城堡首演的钢琴协奏曲Concerto for Piano and Winds，以及在卡内基音乐厅首演的小提琴与钢琴独奏蓝调。他开创性的多媒体项目《Natural Machines》把在天体物理学的本科学习和对音乐的热爱结合在一起，将计算机驱动的算法融入他的即兴创作过程。他个人荣获的其他奖项还包括：蒙特勒爵士音乐节钢琴独奏比赛一等奖和观众选择奖，东海岸爵士音乐节比赛一等奖，以及美国钢琴家协会Cole Porter奖学金。</span></p><p><span style='font-size: 14px; font-family: 宋体, SimSun;'>&nbsp;</span></p><p><span style='font-size: 14px; font-family: 宋体, SimSun;'>Dan Tepfer has made a name for himself as a pianist-composer of wide-ranging ambition, individuality and drive — “a remarkable musician” in the words of the Washington Post and one “who refuses to set himself limits” in those of France’s Télérama. The New York City-based Tepfer, born in 1982 in Paris to American parents, has performed with some of the leading lights in jazz, including extensively with veteran saxophone luminary Lee Konitz.</span></p><p><span style='font-size: 14px; font-family: 宋体, SimSun;'>&nbsp;</span></p><p><span style='font-size: 14px; font-family: 宋体, SimSun;'>As a leader, Tepfer has crafted a discography already striking for its breadth and depth, ranging from probing solo improvisation and intimate duets to richly layered trio albums of original compositions. His Sunnyside/Naïve album Goldberg Variations / Variations saw the prize-winning pianist performing J.S. Bach’s masterpiece as well as improvising upon it to “build a bridge across centuries and genres” (Wall Street Journal) in “an impressive feat that keeps coming back to a hearty and abiding respect” (New York Times).</span></p><p><span style='font-size: 14px; font-family: 宋体, SimSun;'>&nbsp;</span></p><p><span style='font-size: 14px; font-family: 宋体, SimSun;'>As a composer, he is a recipient of the Charles Ives Fellowship from the American Academy of Arts and Letters for works including Concerto for Piano and Winds, premiered in the Prague Castle with himself on piano, and Solo Blues for Violin and Piano, premiered at Carnegie Hall. Bringing together his undergraduate studies in astrophysics with his passion for music, his groundbreaking multimedia project Natural Machines integrates computer-driven algorithms into his improvisational process. Awards include first prize and audience prize at the Montreux Jazz Festival Solo Piano Competition, first prize at the East Coast Jazz Festival Competition, and the Cole Porter Fellowship from the American Pianists Association.</span></p><p><span style='font-size: 14px; font-family: 宋体, SimSun;'>&nbsp;</span></p><p><span style='font-size: 14px; font-family: 宋体, SimSun;'><strong>注：换票时间始于入场时间前半小时，请各位观众安排好时间换票。</strong></span></p><p><br></p>"),
    (NULL,"独家Homie ye 巡演 长沙站","<p style='text-align: left;'><strong><span style='font-size: 14px; font-family: 宋体, SimSun;'>演出艺人：$唐老师,Wya乌鸦,听众xc,Mr.群，小神仙Boogie,</span></strong></p><p style='text-align: left;'><strong><span style='font-size: 14px; font-family: 宋体, SimSun;'>演出场地：长沙 MAO Livehouse</span></strong></p><p style='text-align: left;'><img src='https://s2.showstart.com/img/2019/20190516/71b9ebb52ee14b0695f75723806e925c_2835_3780_1915764.0x0.jpg?imageMogr2/thumbnail/640x/gravity/Center/crop/640x' title='/img/2019/20190516/71b9ebb52ee14b0695f75723806e925c_2835_3780_1915764.0x0.jpg' alt=''></p><p>全国巡演各站嘉宾：</p><p>&nbsp;</p><p>广州：CHE大师兄/王子明/Z.R</p><p>南宁：吴海啸/DOUBLE-X/Lowke Dre/LEOWit./路边打拳皇的小雕/Daktti_D/黄梓阁/郑东旭/ Sump Wong/</p><p>长沙：小神仙Boogie</p><p>武汉：shenduzzhp/傲傲/Blackjane/Richard Lu</p><p>西安：Ayo97/张雪飞</p><p>沈阳：奉天组/欧瑞SoulCore/BZE/前男友</p><p>北京：梁老师Tsong/G.G(张思源)/ A.T.L厂牌（Qianz、M.T.G、Ty$wae、齐悦）</p><p>石家庄：畸形儿-DeformedBoi/前男友/上官承诺/张明开Mk/</p><p>成都：IDEA MUSIC/ZesT小天</p><p>重庆：梦徐MX/遇到兄弟（男朋友、Czz闪电）</p><p><br></p><p><br></p><p><span style='font-size: 14px; font-family: 宋体, SimSun;'></span><br></p><p style='text-align: left;'>本站嘉宾:</p><p style='text-align: left;'>小神仙Boogie</p><p style='text-align: left;'><img src='https://s2.showstart.com/img/2019/20190516/f1abce16bd3c4fe790337b5c5aa61821_1226_690_959352.0x0.jpg?imageMogr2/thumbnail/640x/gravity/Center/crop/640x' title='/img/2019/20190516/f1abce16bd3c4fe790337b5c5aa61821_1226_690_959352.0x0.jpg' alt=''></p><p style='text-align: left;'><br></p><p style='text-align: left;'><br></p><p style='text-align: left;'>Homie ye厂牌介绍</p><p style='text-align: left;'><img src='https://s2.showstart.com/img/2019/20190515/0d431ab6eec3498e9817a0b42fb905e0_1002_668_1052365.0x0.jpg?imageMogr2/thumbnail/640x/gravity/Center/crop/640x' title='/img/2019/20190515/0d431ab6eec3498e9817a0b42fb905e0_1002_668_1052365.0x0.jpg' alt=''></p><p><br></p><p style='text-align: left;'><span style='font-size: 14px; font-family: 宋体, SimSun;'>Homie ye （鸿门宴）</span></p><p style='text-align: left;'><span style='font-size: 14px; font-family: 宋体, SimSun;'>来自重庆的独立音乐厂牌，由wya乌鸦，$唐老师，听众xc，Mr.群 在一场battle比赛相识后组建，成立于2018年，Homie + ye 代表兄弟凝聚在一起开心和胜利 , 在这一年说唱这条路并不好走，现实中‘不可抗力’的因素危机重重，但为了自己热爱的音乐，哪怕形势所迫做团队或者厂牌环境更像是场鸿门宴，四位逐梦青年也敢于赴约，带着他们的音乐勇往直前，西南地区一直都是中国说唱版图上不可或缺的重要部分，Homie ye（鸿门宴）在这片土地上坚持自己的专业、创新、品质的理念，创造出多首热单及耳熟能详的作品，在CCTV各大电视节目播放和各大音乐平台超过几十亿播放量，励志作出更好的音乐及推广属于Homie ye(鸿门宴)风格的hiphop文化。</span></p><p><br></p><p style='text-align: left;'><span style='font-size: 14px; font-family: 宋体, SimSun;'>Homie ye(鸿门宴)厂牌经历:</span></p><p style='text-align: left;'><span style='font-size: 14px; font-family: 宋体, SimSun;'>2018年11月 成立Homie ye(鸿门宴) 音乐厂牌</span></p><p style='text-align: left;'><span style='font-size: 14px; font-family: 宋体, SimSun;'>2019年 2 月 成立Homie ye(鸿门宴) 音乐工作室</span></p><p style='text-align: left;'><span style='font-size: 14px; font-family: 宋体, SimSun;'>2019年 4月 Ayo音乐节 成都站 演出嘉宾</span></p><p style='text-align: left;'><span style='font-size: 14px; font-family: 宋体, SimSun;'>2019年 5月31 开启全国巡演</span></p><p><br></p><p style='text-align: left;'><span style='font-size: 14px; font-family: 宋体, SimSun;'>个人介绍</span></p><p style='text-align: left;'><span style='font-size: 14px; font-family: 宋体, SimSun;'>中文名：唐语鸣</span></p><p style='text-align: left;'><span style='font-size: 14px; font-family: 宋体, SimSun;'>出生地：重庆</span></p><p style='text-align: left;'><span style='font-size: 14px; font-family: 宋体, SimSun;'>生日：8月22日</span></p><p style='text-align: left;'><span style='font-size: 14px; font-family: 宋体, SimSun;'>代表作品：《买条街》、《袍哥酒》、《喽实蹦》，《单声》《今宵醉》、《防骗集团》《easy day》</span></p><p style='text-align: left;'><span style='font-size: 14px; font-family: 宋体, SimSun;'>简介：＄唐老师，本名唐语鸣，1997年出生于重庆市北碚区，中国内地嘻哈饶舌男歌手。battle mc出身，集唱作、舞蹈、，独具重庆本地味道rapper。</span></p><p style='text-align: left;'><span style='font-size: 14px; font-family: 宋体, SimSun;'>2017年，参加重庆iron mic 重庆赛区亚军</span></p><p style='text-align: left;'><span style='font-size: 14px; font-family: 宋体, SimSun;'>2018年，参加“常青藤说场比赛”获得亚军</span></p><p style='text-align: left;'><span style='font-size: 14px; font-family: 宋体, SimSun;'>2018年，主办“背靠嘉陵江”hiphop联合专场</span></p><p style='text-align: left;'><span style='font-size: 14px; font-family: 宋体, SimSun;'>2019年 ayo音乐节演出嘉宾</span></p><p style='text-align: left;'><span style='font-size: 14px; font-family: 宋体, SimSun;'>从艺历程：早年经历</span></p><p style='text-align: left;'><span style='font-size: 14px; font-family: 宋体, SimSun;'>＄唐老师从初中开始接触hiphop文化，从早期的跑酷极限运动到街舞poppin，深受hiphop的影响，在16年开始说唱道路，说吧说唱融入自己生活并且丰富自己的生活，并且作为街舞老师并致力于传播hiphop文化。在2017年开始入职街舞学校，并且以舞蹈为载体作曲《we are jjx》参加中央电视台节目并作为节目主题曲，作为新生代说唱的一员，富有磁性的声线，独特重庆味道的风格，让其作品回味无穷</span></p><p style='text-align: left;'><span style='font-size: 14px; font-family: 宋体, SimSun;'>演艺经历</span></p><p style='text-align: left;'><span style='font-size: 14px; font-family: 宋体, SimSun;'>2018年6月22日，与wya乌鸦合作推出说唱单曲《买条街》、《袍哥酒》、《喽实蹦》，《单声》《今宵醉》、《防骗集团》等2018年7月14日，主办“背靠嘉陵江”hiphop专场</span></p><p style='text-align: left;'><span style='font-size: 14px; font-family: 宋体, SimSun;'>荣誉记录：iron mac重庆站亚军</span></p><p style='text-align: left;'><span style='font-size: 14px; font-family: 宋体, SimSun;'>常青藤battle比赛亚军</span></p><p style='text-align: left;'><span style='font-size: 14px; font-family: 宋体, SimSun;'>▪ 2018-7-1。4首单曲进入网易云音乐飙升榜</span></p><p style='text-align: left;'><span style='font-size: 14px; font-family: 宋体, SimSun;'>《ayo音乐节》演出嘉宾歌手简介</span></p><p style='text-align: left;'><span style='font-size: 14px; font-family: 宋体, SimSun;'>主要经历：</span></p><p style='text-align: left;'><span style='font-size: 14px; font-family: 宋体, SimSun;'>2017年，参加重庆iron mic 重庆赛区 亚军</span></p><p style='text-align: left;'><span style='font-size: 14px; font-family: 宋体, SimSun;'>2018年，参加“常青藤说唱比赛”获得亚军</span></p><p style='text-align: left;'><span style='font-size: 14px; font-family: 宋体, SimSun;'>2018年，主办“背靠嘉陵江”hiphop联合专场</span></p><p style='text-align: left;'><span style='font-size: 14px; font-family: 宋体, SimSun;'>2018年，“极恶一家”hiphop专场嘉宾</span></p><p style='text-align: left;'><span style='font-size: 14px; font-family: 宋体, SimSun;'>2018年，主办（燥）重庆万州站专场</span></p><p style='text-align: left;'><span style='font-size: 14px; font-family: 宋体, SimSun;'>2018年，主办（燥）重庆合川站专场</span></p><p style='text-align: left;'><span style='font-size: 14px; font-family: 宋体, SimSun;'>2018年，成都Aet here专场演出嘉宾</span></p><p style='text-align: left;'><span style='font-size: 14px; font-family: 宋体, SimSun;'>2018年，“千里广大”hiphop专场演出嘉宾</span></p><p style='text-align: left;'><span style='font-size: 14px; font-family: 宋体, SimSun;'>2019年，欢乐谷 “跨年嘉年华”演出嘉宾</span></p><p style='text-align: left;'><span style='font-size: 14px; font-family: 宋体, SimSun;'>2019年，主办“渝勇黔力”hiphop专场</span></p><p style='text-align: left;'><span style='font-size: 14px; font-family: 宋体, SimSun;'>2019年，天津“津榜题名”Stnd专场演出嘉宾</span></p><p style='text-align: left;'><span style='font-size: 14px; font-family: 宋体, SimSun;'>2019年，“嘻游说唱列车”广州站演出嘉宾</span></p><p style='text-align: left;'><span style='font-size: 14px; font-family: 宋体, SimSun;'>2019年，“嘻游说唱列车”南宁站演出嘉宾</span></p><p style='text-align: left;'><span style='font-size: 14px; font-family: 宋体, SimSun;'>2019年， Ayo音乐节演出嘉宾</span></p><p style='text-align: left;'><span style='font-size: 14px; font-family: 宋体, SimSun;'>&nbsp;</span></p><p><br></p><p style='text-align: left;'><span style='font-size: 14px; font-family: 宋体, SimSun;'>个人介绍&nbsp;</span></p><p style='text-align: left;'><span style='font-size: 14px; font-family: 宋体, SimSun;'>Wya乌鸦</span></p><p style='text-align: left;'><span style='font-size: 14px; font-family: 宋体, SimSun;'>姓名：吴程臣</span></p><p style='text-align: left;'><span style='font-size: 14px; font-family: 宋体, SimSun;'>出生地：重庆</span></p><p style='text-align: left;'><span style='font-size: 14px; font-family: 宋体, SimSun;'>生日：11月3日</span></p><p style='text-align: left;'><span style='font-size: 14px; font-family: 宋体, SimSun;'>代表作品：《袍哥酒》、《今宵醉》、《买条街》、《雾中仙》、《偷心》、《尘埃》等。</span></p><p style='text-align: left;'><span style='font-size: 14px; font-family: 宋体, SimSun;'>简介：重庆rapper集唱作、编曲、混音于一身，独具重庆特色。从08年开始接触hiphop文化，从早期bboy变成了 popper，再通过hiphop 等 传播 在14年开始说唱道路，立志为传播hiphop作出一点贡献，带众多hiphop爱好者加入并传播文化。过程中，在2015年从事政府机关工作，因为自己爱好辞去工作，大力为自己选择的道路奋斗，认为路该自己去创造。经历繁多，但却对自己选择的东西不放弃，一直保持一颗“爱走动不走西”—不忘初心的态度。</span></p><p style='text-align: left;'><span style='font-size: 14px; font-family: 宋体, SimSun;'>音乐格言：从生活中来，到生活中去。</span></p><p style='text-align: left;'><span style='font-size: 14px; font-family: 宋体, SimSun;'>&nbsp;</span></p><p style='text-align: left;'><span style='font-size: 14px; font-family: 宋体, SimSun;'>Homie ye（鸿门宴）音乐厂牌创始人之一</span></p><p style='text-align: left;'><span style='font-size: 14px; font-family: 宋体, SimSun;'>&nbsp;</span></p><p style='text-align: left;'><span style='font-size: 14px; font-family: 宋体, SimSun;'>主要经历：</span></p><p style='text-align: left;'><span style='font-size: 14px; font-family: 宋体, SimSun;'>2017年，参加重庆iron mic 重庆赛区 4强</span></p><p style='text-align: left;'><span style='font-size: 14px; font-family: 宋体, SimSun;'>2018年，参加“常青藤说唱比赛”获得8强</span></p><p style='text-align: left;'><span style='font-size: 14px; font-family: 宋体, SimSun;'>2018年，主办“背靠嘉陵江”hiphop联合专场</span></p><p style='text-align: left;'><span style='font-size: 14px; font-family: 宋体, SimSun;'>2018年，“极恶一家”hiphop专场嘉宾</span></p><p style='text-align: left;'><span style='font-size: 14px; font-family: 宋体, SimSun;'>2018年，主办（燥）重庆万州站专场</span></p><p style='text-align: left;'><span style='font-size: 14px; font-family: 宋体, SimSun;'>2018年，主办（燥）重庆合川站专场</span></p><p style='text-align: left;'><span style='font-size: 14px; font-family: 宋体, SimSun;'>2018年，“千里广大”hiphop专场演出嘉宾</span></p><p style='text-align: left;'><span style='font-size: 14px; font-family: 宋体, SimSun;'>2019年，欢乐谷 “跨年嘉年华”演出嘉宾</span></p><p style='text-align: left;'><span style='font-size: 14px; font-family: 宋体, SimSun;'>2019年，主办“渝勇黔力”hiphop专场</span></p><p style='text-align: left;'><span style='font-size: 14px; font-family: 宋体, SimSun;'>2019年，天津“津榜题名”Stnd专场演出嘉宾</span></p><p style='text-align: left;'><span style='font-size: 14px; font-family: 宋体, SimSun;'>2019年，“嘻游说唱列车”广州站演出嘉宾</span></p><p style='text-align: left;'><span style='font-size: 14px; font-family: 宋体, SimSun;'>2019年，“嘻游说唱列车”南宁站演出嘉宾</span></p><p style='text-align: left;'><span style='font-size: 14px; font-family: 宋体, SimSun;'>2019年， Ayo音乐节演出嘉宾</span></p><p><br></p><p><br></p><p style='text-align: left;'><span style='font-size: 14px; font-family: 宋体, SimSun;'>个人介绍</span></p><p style='text-align: left;'><span style='font-size: 14px; font-family: 宋体, SimSun;'>Mr.群</span></p><p style='text-align: left;'><span style='font-size: 14px; font-family: 宋体, SimSun;'>l 来自福建泉州的一名RAPPER</span></p><p style='text-align: left;'><span style='font-size: 14px; font-family: 宋体, SimSun;'>l 从2008年开始接触说唱至今</span></p><p style='text-align: left;'><span style='font-size: 14px; font-family: 宋体, SimSun;'>l 期间开始学习/作词/作曲/混音/</span></p><p style='text-align: left;'><span style='font-size: 14px; font-family: 宋体, SimSun;'>l 个人擅长所有Rap风格</span></p><p style='text-align: left;'><span style='font-size: 14px; font-family: 宋体, SimSun;'>l 2018年和听众xc,Wya乌鸦,唐老师一起组建Homie ye音乐厂牌</span></p><p style='text-align: left;'><span style='font-size: 14px; font-family: 宋体, SimSun;'>l Homie ye（鸿门宴）音乐厂牌创始人之一</span></p><p style='text-align: left;'><span style='font-size: 14px; font-family: 宋体, SimSun;'>l 主要经历：</span></p><p style='text-align: left;'><span style='font-size: 14px; font-family: 宋体, SimSun;'>l 2008年晋江兰桂坊Pub演出嘉宾</span></p><p style='text-align: left;'><span style='font-size: 14px; font-family: 宋体, SimSun;'>l 2009年加入麒麟堂流行音乐/HipHop团队</span></p><p style='text-align: left;'><span style='font-size: 14px; font-family: 宋体, SimSun;'>l 2017年遇到兄弟嘻哈专场演出嘉宾</span></p><p style='text-align: left;'><span style='font-size: 14px; font-family: 宋体, SimSun;'>l 2017年Racoon厂牌巡演 J-301酒吧 万州站</span></p><p style='text-align: left;'><span style='font-size: 14px; font-family: 宋体, SimSun;'>l 2017年Racoon厂牌巡演 小酒馆 广安站</span></p><p style='text-align: left;'><span style='font-size: 14px; font-family: 宋体, SimSun;'>l 2018年磁感乌托邦跨年音乐节演出嘉宾</span></p><p style='text-align: left;'><span style='font-size: 14px; font-family: 宋体, SimSun;'>l 2018年遇到兄弟重庆开州久别重逢专场演出嘉宾</span></p><p style='text-align: left;'><span style='font-size: 14px; font-family: 宋体, SimSun;'>l 2018年（燥）重庆万州站专场演出</span></p><p style='text-align: left;'><span style='font-size: 14px; font-family: 宋体, SimSun;'>l 2018年（燥）重庆合川站专场演出</span></p><p style='text-align: left;'><span style='font-size: 14px; font-family: 宋体, SimSun;'>l 2019年 渝勇黔力贵阳站演出嘉宾</span></p><p style='text-align: left;'><span style='font-size: 14px; font-family: 宋体, SimSun;'>l 2019年 STND团队专场 津榜提名演出嘉宾</span></p><p style='text-align: left;'><span style='font-size: 14px; font-family: 宋体, SimSun;'>l 2019年 Ayo音乐节成都站演出嘉宾</span></p><p style='text-align: left;'><span style='font-size: 14px; font-family: 宋体, SimSun;'>l 代表作品 :备爱，说唱到底，on anyway等等..</span></p><p style='text-align: left;'><span style='font-size: 14px; font-family: 宋体, SimSun;'>&nbsp;</span></p><p style='text-align: left;'><span style='font-size: 14px; font-family: 宋体, SimSun;'>&nbsp;</span></p><p><br></p><p style='text-align: left;'><span style='font-size: 14px; font-family: 宋体, SimSun;'>个人介绍</span></p><p style='text-align: left;'><span style='font-size: 14px; font-family: 宋体, SimSun;'>l 听众xc</span></p><p style='text-align: left;'><span style='font-size: 14px; font-family: 宋体, SimSun;'>l 姓名：王德春</span></p><p style='text-align: left;'><span style='font-size: 14px; font-family: 宋体, SimSun;'>l 籍贯：重庆市开州区</span></p><p style='text-align: left;'><span style='font-size: 14px; font-family: 宋体, SimSun;'>l 简介：</span></p><p style='text-align: left;'><span style='font-size: 14px; font-family: 宋体, SimSun;'>l 从小在大连长大,2015年从北方回到南方,从一位热爱听说唱音乐的听众,逐渐成长一名Battle MC Rapper;2016年在家乡组建开州区本土说唱团队:&lt;遇到兄弟&gt;2018年受邀组建&lt;Homie ye&gt;音乐厂牌.对说唱音乐有着自己的理解和态度.</span></p><p style='text-align: left;'><span style='font-size: 14px; font-family: 宋体, SimSun;'>l&nbsp;</span></p><p style='text-align: left;'><span style='font-size: 14px; font-family: 宋体, SimSun;'>l 遇到兄弟-主理人</span></p><p style='text-align: left;'><span style='font-size: 14px; font-family: 宋体, SimSun;'>l Homie ye（鸿门宴）厂牌创始人之一</span></p><p style='text-align: left;'><span style='font-size: 14px; font-family: 宋体, SimSun;'>l 网易云QQ音乐搜索：遇到兄弟</span></p><p style='text-align: left;'><span style='font-size: 14px; font-family: 宋体, SimSun;'>l&nbsp;</span></p><p style='text-align: left;'><span style='font-size: 14px; font-family: 宋体, SimSun;'>l&nbsp; 演出经历:</span></p><p style='text-align: left;'><span style='font-size: 14px; font-family: 宋体, SimSun;'>l &nbsp;2015年12月参加开州百姓春晚并成功受邀参加2016年开州春晚</span></p><p style='text-align: left;'><span style='font-size: 14px; font-family: 宋体, SimSun;'>l &nbsp;2016年受邀参加开州元宵晚会</span></p><p style='text-align: left;'><span style='font-size: 14px; font-family: 宋体, SimSun;'>l &nbsp;2016年4月受邀 开州环保节 演出嘉宾</span></p><p style='text-align: left;'><span style='font-size: 14px; font-family: 宋体, SimSun;'>l &nbsp;2017年参加重庆干燥battle比赛8强</span></p><p style='text-align: left;'><span style='font-size: 14px; font-family: 宋体, SimSun;'>l &nbsp;2017年参加重庆Iron Mic battle 比赛8强</span></p><p style='text-align: left;'><span style='font-size: 14px; font-family: 宋体, SimSun;'>l &nbsp;2017年参加非凡假日show 综合才艺大赛年度 3 强</span></p><p style='text-align: left;'><span style='font-size: 14px; font-family: 宋体, SimSun;'>l &nbsp;2017年 小木屋音乐酒馆 举办团队专场</span></p><p style='text-align: left;'><span style='font-size: 14px; font-family: 宋体, SimSun;'>l &nbsp;2017年 团队巡演 J-301酒吧 万州站</span></p><p style='text-align: left;'><span style='font-size: 14px; font-family: 宋体, SimSun;'>l &nbsp;2017年 团队巡演 小酒馆 广安站</span></p><p style='text-align: left;'><span style='font-size: 14px; font-family: 宋体, SimSun;'>l &nbsp;2017年 磁感乌托邦跨年音乐节 演出嘉宾。</span></p><p style='text-align: left;'><span style='font-size: 14px; font-family: 宋体, SimSun;'>l &nbsp;2018年 常青藤重庆电台说唱大赛主题曲 冠军</span></p><p style='text-align: left;'><span style='font-size: 14px; font-family: 宋体, SimSun;'>l &nbsp;2018年 常青藤重庆电台说唱大赛BATTLE 季军</span></p><p style='text-align: left;'><span style='font-size: 14px; font-family: 宋体, SimSun;'>l &nbsp;2018年 开州小木屋酒吧举办团队专场“久别重逢”</span></p><p style='text-align: left;'><span style='font-size: 14px; font-family: 宋体, SimSun;'>l &nbsp;2018年 举办（燥）重庆万州站专场演出</span></p><p style='text-align: left;'><span style='font-size: 14px; font-family: 宋体, SimSun;'>l &nbsp;2018年 举办（燥）重庆合川站专场演出</span></p><p style='text-align: left;'><span style='font-size: 14px; font-family: 宋体, SimSun;'>l &nbsp;2019年 假日之光音乐盛典特邀嘉宾</span></p><p style='text-align: left;'><span style='font-size: 14px; font-family: 宋体, SimSun;'>l &nbsp;2019年 渝勇黔力贵阳站演出嘉宾</span></p><p style='text-align: left;'><span style='font-size: 14px; font-family: 宋体, SimSun;'>l &nbsp;2019年 Ayo音乐节成都站演出嘉宾</span></p><p style='text-align: left;'><span style='font-size: 14px; font-family: 宋体, SimSun;'>l &nbsp;&nbsp;</span></p><p style='text-align: left;'><span style='font-size: 14px; font-family: 宋体, SimSun;'>l &nbsp;代表作品：（奶奶2018)(Maybe)(常青藤医美连锁主题曲) 等</span></p><p><br></p><p><br></p><p><br></p><p style='margin-top:0;margin-right:0;margin-bottom:0;margin-left:0;text-indent:0;padding:0 0 0 0 ;text-autospace:ideograph-numeric;text-align:justify;text-justify:inter-ideograph;line-height:150%'><strong><span style='font-family: 宋体;line-height: 150%;letter-spacing: 0;font-size: 14px'><span style='font-family:宋体'>购票须知</span></span></strong></p><p style='margin-top:0;margin-right:0;margin-bottom:0;margin-left:0;text-indent:0;padding:0 0 0 0 ;text-autospace:ideograph-numeric;text-align:justify;text-justify:inter-ideograph;line-height:150%'><strong><span style='font-family: 宋体;line-height: 150%;letter-spacing: 0;font-size: 14px'>1.本场演出不支持退换票，如无法正常观看，还请自行处理，给您带来不便敬请谅解；</span></strong></p><p style='margin-top:0;margin-right:0;margin-bottom:0;margin-left:0;text-indent:0;padding:0 0 0 0 ;text-autospace:ideograph-numeric;text-align:justify;text-justify:inter-ideograph;line-height:150%'><strong><span style='font-family: 宋体;line-height: 150%;letter-spacing: 0;font-size: 14px'>2.本场演出凭电子票二维码核验入场，无实体票，场地内不设座位，均为站席观演；</span></strong></p><p style='margin-top:0;margin-right:0;margin-bottom:0;margin-left:0;text-indent:0;padding:0 0 0 0 ;text-autospace:ideograph-numeric;text-align:justify;text-justify:inter-ideograph;line-height:150%'><strong><span style='font-family: 宋体;line-height: 150%;letter-spacing: 0;font-size: 14px'>3.请勿发布任何形式的转票信息。</span></strong></p><p><br></p>"),
    (NULL,"独家「粽大事件」","<p style='text-align: left;'><span style='font-family: 宋体, SimSun; font-size: 14px;'><strong>演出艺人：混合理论,脆莓,披萨脸,再见日落,留守儿童</strong></span></p><p style='text-align: left;'><span style='font-family: 宋体, SimSun; font-size: 14px;'><strong>演出场地：MAO Livehouse北京</strong></span></p><p style='text-align: left;'><span style='font-family: 宋体, SimSun; font-size: 14px;'><br></span></p><p style='text-align: left;'><span style='font-family: 宋体, SimSun; font-size: 14px;'>早高峰的地铁的电梯载着不计其数的年轻人艰难攀行，列车往返的报站声带着机械的寡淡和愚昧，年轻人们面无表情，手机投射到脸上的光是这座城市对他们的唯一关照。</span></p><p style='text-align: left;'><span style='font-family: 宋体, SimSun; font-size: 14px;'>&nbsp;</span></p><p style='text-align: left;'><span style='font-family: 宋体, SimSun; font-size: 14px;'>当假期倏然降临，年轻人陷入突然被宠幸的受宠若惊中变得手足无措起来，他们更加无所事事，只能闷头入睡。</span></p><p style='text-align: left;'><span style='font-family: 宋体, SimSun; font-size: 14px;'>&nbsp;</span></p><p style='text-align: left;'><span style='font-family: 宋体, SimSun; font-size: 14px;'>夜色裹挟这座城市中的时候，年轻人缓缓醒来。终日上班的疲惫在睡眠的关照下变得愈发狂妄起来，他们感觉到每一个关节都在呼啸着疼痛，除了一点依靠以外他们别无所求。</span></p><p style='text-align: left;'><span style='font-family: 宋体, SimSun; font-size: 14px;'>&nbsp;</span></p><p style='text-align: left;'><span style='font-family: 宋体, SimSun; font-size: 14px;'>家在这个时候尤其鞭长莫及，粽子的糯米粘腻得像他们无法摆脱的生活，所以此刻粽子也毫无吸引力。</span></p><p style='text-align: left;'><span style='font-family: 宋体, SimSun; font-size: 14px;'>&nbsp;</span></p><p style='text-align: left;'><span style='font-family: 宋体, SimSun; font-size: 14px;'>每一个人在此刻都向空气中抽象，越来越抽象，直到抽象成一个寻求慰藉的孤魂。</span></p><p style='text-align: left;'><span style='font-family: 宋体, SimSun; font-size: 14px;'>&nbsp;</span></p><p style='text-align: left;'><span style='font-family: 宋体, SimSun; font-size: 14px;'>请在晚上到MAO来跟我们赴约，与每一个同样的灵魂彼此依靠。</span></p><p style='text-align: left;'><span style='font-family: 宋体, SimSun; font-size: 14px;'>&nbsp;</span></p><p style='text-align: left;'><span style='font-family: 宋体, SimSun; font-size: 14px;'>这是我们每一个人的粽大事件。</span></p><p style='text-align: left;'><span style='font-family: 宋体, SimSun; font-size: 14px;'>&nbsp;</span></p><p style='text-align: left;'><span style='font-family: 宋体, SimSun; font-size: 14px;'>一</span></p><p style='text-align: left;'><span style='font-family: 宋体, SimSun; font-size: 14px;'>菩萨脸</span></p><p><br></p><p style='text-align: left;'><img src='https://s2.showstart.com/img/2019/20190517/43826a6d693746a1a06655db14d0ff09_718_468_514577.0x0.jpg?imageMogr2/thumbnail/640x/gravity/Center/crop/640x' title='/img/2019/20190517/43826a6d693746a1a06655db14d0ff09_718_468_514577.0x0.jpg' alt=''></p><p style='text-align: left;'><span style='font-family: 宋体, SimSun; font-size: 14px;'><br></span></p><p style='text-align: left;'><span style='font-family: 宋体, SimSun; font-size: 14px;'>乐队成立于2018年4月，名字源于忍者神龟中的反派，想要吃掉人类的Pizza Face，快速、恶心又美味。所以乐队的风格也是融合了朋克、车库和叙述者样的吉他riff。创作出发角度也大都从人类之外开启，作品有《哈雷兔子》、《燕子》、《小公鸡》、《小猪哭了》等。而现场远不是歌名听起来的可爱感，女主唱释放的巨大爆发力、三位乐手精准又狂暴的表现和VJ的映衬让昆汀美学在舞台上最近距离的为观众呈现。</span></p><p style='text-align: left;'><span style='font-family: 宋体, SimSun; font-size: 14px;'>现在请收起小酒瓶，将手机调整到飞行模式，照顾好自己的男朋友，我们的演出马上就要开始了。</span></p><p style='text-align: left;'><span style='font-family: 宋体, SimSun; font-size: 14px;'>&nbsp;</span></p><p style='text-align: left;'><span style='font-family: 宋体, SimSun; font-size: 14px;'>&nbsp;</span></p><p style='text-align: left;'><span style='font-family: 宋体, SimSun; font-size: 14px;'>二</span></p><p style='text-align: left;'><span style='font-family: 宋体, SimSun; font-size: 14px;'>脆莓</span></p><p><br></p><p style='text-align: left;'><span style='font-family: 宋体, SimSun; font-size: 14px;'>&nbsp;<img src='https://s2.showstart.com/img/2019/20190520/2134361e5c714b9eaf8bbbe129f00a42_800_532_53384.0x0.jpg?imageMogr2/thumbnail/640x/gravity/Center/crop/640x' title='/img/2019/20190520/2134361e5c714b9eaf8bbbe129f00a42_800_532_53384.0x0.jpg' alt=''></span></p><p style='text-align: left;'><span style='font-family: 宋体, SimSun; font-size: 14px;'>&nbsp;</span></p><p style='text-align: left;'><span style='font-family: 宋体, SimSun; font-size: 14px;'></span>脆莓乐队（brickleberry） 国内年轻一代Dance Rock先行军，专辑一经问世，便受到广泛关注，粉丝多为年轻一代人，拥有更新潮的思想和音乐审美。 先后受邀参加影响城市之声，迷笛音乐节，草莓音乐节 等一些列演出，收获大批歌迷。更有乐评人点评：他们是新一代的摇滚代表之一 他们创作的极富特质的作品,配以感染力十足的词作,用诗歌的感觉 、天真的视角、更有记忆点的旋律阐述严肃思想。 将70年代嬉皮文化的精髓融入80年代的潮流,又宛若行走于今天的时代前沿的梦境中。 新鲜的脆莓将复杂的情绪融入音乐,撕毁生活假象,毫不客气,越悲怆就越嬉皮,脆莓希望毎个人都不要放弃做白日梦的权利。 脆莓只是一个火引,当他发声,参与其中,将会营造出一个共同的梦境。 风格： Dance-Punk /Synth rock/ Indie Rock 主唱／吉他：范文珂 吉他手：阿生 贝斯：郑宗鸿 鼓手：韩澈<span style='font-family: 宋体, SimSun; font-size: 14px;'></span></p><p style='text-align: left;'><span style='font-family: 宋体, SimSun; font-size: 14px;'>&nbsp;</span></p><p style='text-align: left;'><span style='font-family: 宋体, SimSun; font-size: 14px;'>三</span></p><p style='text-align: left;'><span style='font-family: 宋体, SimSun; font-size: 14px;'>混合理论</span></p><p><br></p><p style='text-align: left;'><span style='font-family: 宋体, SimSun; font-size: 14px;'>&nbsp;<img src='https://s2.showstart.com/img/2019/20190517/1aa7d2271ad44c25a965b40672cd8306_1416_1048_152450.0x0.jpg?imageMogr2/thumbnail/640x/gravity/Center/crop/640x' title='/img/2019/20190517/1aa7d2271ad44c25a965b40672cd8306_1416_1048_152450.0x0.jpg' alt=''></span></p><p style='text-align: left;'><span style='font-family: 宋体, SimSun; font-size: 14px;'><br></span></p><p style='text-align: left;'><span style='font-family: 宋体, SimSun; font-size: 14px;'>一支活跃在北京的流行摇滚乐队于2017年成立，乐队作品结合了EMO、金属、朋克等风格，音乐内容经过乐队成员的数次打磨表达着他对摇滚乐不变的追求，他也希望通过自己的作品，向观众传递积极面对生活和梦想的态度。</span></p><p style='text-align: left;'><span style='font-family: 宋体, SimSun; font-size: 14px;'>&nbsp;</span></p><p style='text-align: left;'><span style='font-family: 宋体, SimSun; font-size: 14px;'>科班出身的主唱具备扎实的演唱功底、丰富的舞台表演经验、别具一格的嗓音、细致的把握着对每一首作品的表达。从小执着于音乐的吉他手多年从事内容创作、参与多次大型演唱会表演、为电影制作配乐，阅历十分丰富，把控着乐队作品的创作方向。90后女吉他手，2019年加入乐队，15岁开始接触音乐，演出风格沉稳有力，表达着多变的她对音乐深刻的理解。小贝是一名职业乐手，曾担任多支知名乐队贝斯，极具表现力的台风，是他独特的标签。坚持自我、做喜欢做的事情，15岁的女鼓手坚定的走在摇滚乐这条道路上。</span><span style='font-family: 宋体, SimSun; font-size: 14px;'>&nbsp;</span></p><p style='text-align: left;'><span style='font-family: 宋体, SimSun; font-size: 14px;'>&nbsp;</span></p><p style='text-align: left;'><span style='font-family: 宋体, SimSun; font-size: 14px;'>四</span></p><p style='text-align: left;'><span style='font-family: 宋体, SimSun; font-size: 14px;'>留守儿童</span></p><p><br></p><p style='text-align: left;'><span style='font-family: 宋体, SimSun; font-size: 14px;'>&nbsp;<img src='https://s2.showstart.com/img/2019/20190517/087a839dcd9e4bc2b3e7f6d99ef6c444_1412_920_1940509.0x0.jpg?imageMogr2/thumbnail/640x/gravity/Center/crop/640x' title='/img/2019/20190517/087a839dcd9e4bc2b3e7f6d99ef6c444_1412_920_1940509.0x0.jpg' alt=''></span></p><p style='text-align: left;'><span style='font-family: 宋体, SimSun; font-size: 14px;'>&nbsp;</span></p><p style='text-align: left;'><span style='font-family: 宋体, SimSun; font-size: 14px;'>留守儿童乐队，2017年底成立于北京的新金属乐队，经历了两年时间的历练，共计发表《行走在边缘的角落》一张专辑，《柒》、《散在风里》两首单曲，参演了多场室内Live演出、无边音乐节，草莓音乐节等多场音乐节。2019年乐队经历了全新的成员变更，目前以稳定的阵容向更成熟更优秀的方向发展。留守儿童乐队的风格以新金属为主，却不拘泥于此，在其中不断融入戏曲、民乐等国风元素；乐队也从不满足于粉饰太平、趋炎附势的表达，愿将歌词化作一把利刃刺向每一个听众的麻木神经，对于时势的思考，对于不公的愤怒，对于弱者的同情，都是乐队歌词里从不避讳的主体。留守儿童乐队不可谓不是注入北京金属音乐脉搏里的一注崭新血液，乐队拒绝谄媚和雷同，力求成为一成不变的金属市场中最耳目一新、过耳难忘的新兴存在。&nbsp;</span></p><p style='text-align: left;'><span style='font-family: 宋体, SimSun; font-size: 14px;'>&nbsp;</span></p><p style='text-align: left;'><span style='font-family: 宋体, SimSun; font-size: 14px;'>&nbsp;</span></p><p style='text-align: left;'><span style='font-family: 宋体, SimSun; font-size: 14px;'>五</span></p><p style='text-align: left;'><span style='font-family: 宋体, SimSun; font-size: 14px;'>再见日落</span></p><p><br></p><p style='text-align: left;'><span style='font-family: 宋体, SimSun; font-size: 14px;'>&nbsp;<img src='https://s2.showstart.com/img/2019/20190517/2cb2e6fd9dd146fd8a5fd574f496a20f_1396_740_155314.0x0.jpg?imageMogr2/thumbnail/640x/gravity/Center/crop/640x' title='/img/2019/20190517/2cb2e6fd9dd146fd8a5fd574f496a20f_1396_740_155314.0x0.jpg' alt=''></span></p><p style='text-align: left;'><span style='font-family: 宋体, SimSun; font-size: 14px;'>&nbsp;</span></p><p style='text-align: left;'><span style='font-family: 宋体, SimSun; font-size: 14px;'>2013年成立，混迹现代音乐学院与迷笛学院之间，由于对舞台表演的热爱、对音乐创作的执着、与粉丝分享激情的迫切渴望，哥几个走到了一起。躺着Breakdown，蹲着螃蟹步，满满的攻击性犹如奔驰AMG。随着时光匆匆，哥几个依然满腹激情，反而对音乐的要求越来越高。再见日落总觉得成熟的现场一定需要精心策划的舞美设计、灯光控制、高庙厦调音，都是再见日落一直追求的专业精神，也许这就是成长。对于创作，爆炸的超低阀绪、动听的抒情旋律、盛至还有抖腿电音等都是再见日落到作品的解读强调层次丰富的听觉、现场台风的视觉，初春做到多感体验式现场。再见日落认为，演出不能只顾自己，在表达作品思想的同时，更应该为观众服务，所有人一起共鸣才是成功的表演。</span></p><p style='text-align: left;'><span style='font-family: 宋体, SimSun; font-size: 14px;'><br></span></p><p style='text-align: left;'><span style='font-family: 宋体, SimSun; font-size: 14px;'><br></span></p><p style='text-align: left;'><span style='font-family: 宋体, SimSun; font-size: 14px;'><br></span></p><p style='text-align: left;'><span style='font-family: 宋体, SimSun; font-size: 14px;'></span></p><p style='margin-top:0;margin-right:0;margin-bottom:0;margin-left:0;text-indent:0;padding:0 0 0 0 ;text-autospace:ideograph-numeric;text-align:justify;text-justify:inter-ideograph;line-height:150%'><strong><span style='font-family: 宋体;line-height: 150%;letter-spacing: 0;font-size: 14px'><span style='font-family:宋体'>购票须知</span></span></strong></p><p style='margin-top:0;margin-right:0;margin-bottom:0;margin-left:0;text-indent:0;padding:0 0 0 0 ;text-autospace:ideograph-numeric;text-align:justify;text-justify:inter-ideograph;line-height:150%'><strong><span style='font-family: 宋体;line-height: 150%;letter-spacing: 0;font-size: 14px'>1.本场演出不支持退换票，如无法正常观看，还请自行处理，给您带来不便敬请谅解；</span></strong></p><p style='margin-top:0;margin-right:0;margin-bottom:0;margin-left:0;text-indent:0;padding:0 0 0 0 ;text-autospace:ideograph-numeric;text-align:justify;text-justify:inter-ideograph;line-height:150%'><strong><span style='font-family: 宋体;line-height: 150%;letter-spacing: 0;font-size: 14px'>2.本场演出凭电子票二维码核验入场，无实体票，场地内不设座位，均为站席观演；</span></strong></p><p style='margin-top:0;margin-right:0;margin-bottom:0;margin-left:0;text-indent:0;padding:0 0 0 0 ;text-autospace:ideograph-numeric;text-align:justify;text-justify:inter-ideograph;line-height:150%'><strong><span style='font-family: 宋体;line-height: 150%;letter-spacing: 0;font-size: 14px'>3.请勿发布任何形式的转票信息。</span></strong></p><p style='text-align: left;'><span style='font-family: 宋体, SimSun; font-size: 14px;'><br></span><br></p><p><br></p>"),
    (NULL,"独家夏日祭 Vol.1 金属集结号","<p style='margin: 0px; text-indent: 0px; padding: 0px; text-align: left;'><strong><span style='font-family: 宋体, SimSun; font-size: 14px;'><span style='font-family: 宋体, SimSun; letter-spacing: 0px;'>参演艺人：绝麓，BeatGeneration 1980’s ，生命之血Blood of Life&nbsp;</span></span></strong></p><p style='margin: 0px; text-indent: 0px; padding: 0px; text-align: left;'><strong><span style='font-family: 宋体, SimSun; font-size: 14px;'><span style='letter-spacing: 0px; font-size: 14px; font-family: 宋体;'>演出场地：上海 MAO Livehouse</span></span></strong></p><p><br></p><p><span style='font-family: 宋体, SimSun; font-size: 14px;'>注：</span><br></p><p style='text-align: left;'><span style='font-family: 宋体, SimSun; font-size: 14px;'>（1）一旦票品售出概不退换（因不可抗力因素导致演出取消或延期除外）<br>（2）演出当天请凭手机号/姓名/二维码或验证码到售票处取票入场<br>（3）场地不设座位，如需卡座请咨询吧台<br>（4）关注MAO微信公号了解更多演出信息和购票方式，搜索“MAOLivehouse上海”</span></p><p><br></p><p><img src='https://s2.showstart.com/img/2019/20190602/3fcb9e7ebb9442af964f8f7b73285e76_4267_6400_2844575.0x0.jpg?imageMogr2/thumbnail/640x/gravity/Center/crop/640x' title='/img/2019/20190602/3fcb9e7ebb9442af964f8f7b73285e76_4267_6400_2844575.0x0.jpg' alt=''></p><p style='text-align: left;'><span style='font-family: 宋体, SimSun; font-size: 14px;'>又是一年夏日来袭，</span></p><p style='text-align: left;'><span style='font-family: 宋体, SimSun; font-size: 14px;'>炎热的盛夏时节怎么打发时间呢？</span></p><p style='text-align: left;'><span style='font-family: 宋体, SimSun; font-size: 14px;'>不如来MAO参加夏日祭吧！</span></p><p style='text-align: left;'><span style='font-family: 宋体, SimSun; font-size: 14px;'>夏日祭，即在夏天举办的活动或节日祭典，也是日本传统节日。</span></p><p style='text-align: left;'><span style='font-family: 宋体, SimSun; font-size: 14px;'>这个夏天，MAO将展开为期数日的盛大夏日祭活动，</span></p><p style='text-align: left;'><span style='font-family: 宋体, SimSun; font-size: 14px;'>邀请多支风格各异的乐队，有躁动的金属鼓点，凉爽的流行声音，更有最为夏日的日系派对</span></p><p style='text-align: left;'><span style='font-family: 宋体, SimSun; font-size: 14px;'>把你带到属于花火、浴衣、风铃、蒲扇……充满日系元素的清凉夏日！</span></p><p style='text-align: left;'><span style='font-family: 宋体, SimSun; font-size: 14px;'>来现场聆听着和风满载的歌曲，感受这一丝清凉与惬意，享受一整个夏日的狂欢。</span></p><p style='text-align: left;'><span style='font-family: 宋体, SimSun; font-size: 14px;'>来现场加入这场宏大的节日庆典，享受音乐与色彩，可千万不要错过这次福利哦！</span></p><p><br></p><p style='text-align: left;'><span style='font-family: 宋体, SimSun; font-size: 14px;'>乐队简介：　</span></p><p><br></p><p style='text-align: left;'><span style='font-family: 宋体, SimSun; font-size: 14px;'>绝麓（原OVE乐队）</span></p><p><br></p><p style='text-align: left;'><img src='https://s2.showstart.com/img/2019/20190528/70c7e09011fd42c0a91c1073e768fc16_5280_3520_2592781.0x0.jpg?imageMogr2/thumbnail/640x/gravity/Center/crop/640x' title='/img/2019/20190528/70c7e09011fd42c0a91c1073e768fc16_5280_3520_2592781.0x0.jpg' alt=''></p><p style='text-align: left;'><img src='https://s2.showstart.com/img/2019/20190528/157aedfb4b6541038e96eeb138f690cd_5472_3648_3153144.0x0.jpg?imageMogr2/thumbnail/640x/gravity/Center/crop/640x' title='/img/2019/20190528/157aedfb4b6541038e96eeb138f690cd_5472_3648_3153144.0x0.jpg' alt=''></p><p><br></p><p style='text-align: left;'><span style='font-family: 宋体, SimSun; font-size: 14px;'>主唱：杜仕煜</span></p><p style='text-align: left;'><span style='font-family: 宋体, SimSun; font-size: 14px;'>吉他手：万智雄</span></p><p style='text-align: left;'><span style='font-family: 宋体, SimSun; font-size: 14px;'>吉他手：汪远</span></p><p style='text-align: left;'><span style='font-family: 宋体, SimSun; font-size: 14px;'>贝斯手：王登超</span></p><p style='text-align: left;'><span style='font-family: 宋体, SimSun; font-size: 14px;'>鼓手：金盼</span></p><p style='text-align: left;'><span style='font-family: 宋体, SimSun; font-size: 14px;'>&nbsp;</span></p><p style='text-align: left;'><span style='font-family: 宋体, SimSun; font-size: 14px;'>On the Verge of Extermination (OVE)&nbsp;是一支来自上海的新派金属乐队。2015年底成军以来，一直活跃于华东地区各大Livehouse以及各地音乐节。乐队创作不拘一格，以金属核为基调，融入了死核，前卫，激流等多种金属元素。2019年乐队正式变更中文名为绝麓，经过与众多国内外知名重型乐队的同台演出，乐队不断成长，凭借着爆炸性的现场表演深受乐迷的喜爱，逐渐成为了上海重型音乐圈一支不容忽视的中坚力量。</span></p><p style='text-align: left;'><span style='font-family: 宋体, SimSun; font-size: 14px;'><br></span></p><p style='text-align: left;'><span style='font-family: 宋体, SimSun; font-size: 14px;'>微博：http://weibo.com/genicmutation</span></p><p style='text-align: left;'><span style='font-family: 宋体, SimSun; font-size: 14px;'>看见音乐：http://www.kanjian.com/ove</span></p><p style='text-align: left;'><span style='font-family: 宋体, SimSun; font-size: 14px;'>网易音乐：http://music.163.com/#/album?id=35229859</span></p><p style='text-align: left;'><span style='font-family: 宋体, SimSun; font-size: 14px;'>微信公众号：OnTheVergeOfExtermination</span></p><p><br></p><p><br></p><p><br></p><p style='text-align: left;'><span style='font-family: 宋体, SimSun; font-size: 14px;'>Beat Generation1980s&nbsp;乐队</span></p><p><br></p><p style='text-align: left;'><img src='https://s2.showstart.com/img/2019/20190528/0d9b15ded4ac4dfebde26c642f072c43_1926_653_490446.0x0.jpg?imageMogr2/thumbnail/640x/gravity/Center/crop/640x' title='/img/2019/20190528/0d9b15ded4ac4dfebde26c642f072c43_1926_653_490446.0x0.jpg' alt=''></p><p style='text-align: left;'><img src='https://s2.showstart.com/img/2019/20190528/f8a0094b9e234fe7926f6db34b192ecf_3840_2560_2814496.0x0.jpg?imageMogr2/thumbnail/640x/gravity/Center/crop/640x' title='/img/2019/20190528/f8a0094b9e234fe7926f6db34b192ecf_3840_2560_2814496.0x0.jpg' alt=''></p><p><br></p><p style='text-align: left;'><span style='font-family: 宋体, SimSun; font-size: 14px;'>主唱: Torro(小狼)<br>吉他: Kiddo<br>吉他:&nbsp;辉<br>贝司&amp;和声:&nbsp;小白<br>鼓手: Osiki</span></p><p style='text-align: left;'><span style='font-family: 宋体, SimSun; font-size: 14px;'>&nbsp;</span></p><p style='text-align: left;'><span style='font-family: 宋体, SimSun; font-size: 14px;'>BG1980s将Screamo/Emocore作为核心曲风，并融合多元化的音乐元素从而使得乐队的现场表演极具爆发力，5个满载摇滚之心的80后，正用他们最爱的音乐筑造起一座充满梦想的应许之地！</span></p><p><br></p><p><br></p><p><br></p><p style='text-align: left;'><span style='font-family: 宋体, SimSun; font-size: 14px;'>Blood of Life</span></p><p><br></p><p style='text-align: left;'><img src='https://s2.showstart.com/img/2019/20190528/3ee37fbd445a414e8dbb9697ddcc184f_1264_960_164772.0x0.jpg?imageMogr2/thumbnail/640x/gravity/Center/crop/640x' title='/img/2019/20190528/3ee37fbd445a414e8dbb9697ddcc184f_1264_960_164772.0x0.jpg' alt=''></p><p><br></p><p style='text-align: left;'><span style='font-family: 宋体, SimSun; font-size: 14px;'>Introduction/乐队简介</span></p><p style='text-align: left;'><span style='font-family: 宋体, SimSun; font-size: 14px;'>&nbsp;</span></p><p style='text-align: left;'><span style='font-family: 宋体, SimSun; font-size: 14px;'>Blood of Life is a thrash death metal band that was formed in 2012. Their music is influenced by many old school metal bands, mostly thrash/death metal. The band gives the music their own characteristics turn to it with.&nbsp;</span></p><p style='text-align: left;'><span style='font-family: 宋体, SimSun; font-size: 14px;'>一支来自上海Thrash Death Metal风格的乐队，组建于2012年初，由于对金属乐的偏执喜爱和不懈追求，五位金属狂热者走到一起，包括女声主唱陈茗诗、贝司手董靖、吉他手韩耀东、刘航宇，以及鼓手瞿雪珅。受众多欧美老牌金属乐队影响，乐队以Thrash/Death Metal为主根基，不断融入新的音乐元素，为做出有自身特点的音乐而浴血奋战！</span></p><p style='text-align: left;'><span style='font-family: 宋体, SimSun; font-size: 14px;'>血行于人之脉中，</span></p><p style='text-align: left;'><span style='font-family: 宋体, SimSun; font-size: 14px;'>循环流注于全身，</span></p><p style='text-align: left;'><span style='font-family: 宋体, SimSun; font-size: 14px;'>血乃生命之源泉，</span></p><p style='text-align: left;'><span style='font-family: 宋体, SimSun; font-size: 14px;'>金属乃精神命脉！</span></p><p style='text-align: left;'><span style='font-family: 宋体, SimSun; font-size: 14px;'>金属乃生命之血！</span></p><p style='text-align: left;'><span style='font-family: 宋体, SimSun; font-size: 14px;'>乐队现签约Thanatology Productions（死原论）音乐厂牌。</span></p><p style='text-align: left;'><span style='font-family: 宋体, SimSun; font-size: 14px;'>Blood of Life乐队首张全长专辑《Reign over Horror》已于2016年5月9日正式发行。</span></p><p><br></p><p style='text-align: left;'><span style='font-family: 宋体, SimSun; font-size: 14px;'>&nbsp;</span></p><p style='text-align: left;'><span style='font-family: 宋体, SimSun; font-size: 14px;'>Contact Info/联系方式</span></p><p style='text-align: left;'><span style='font-family: 宋体, SimSun; font-size: 14px;'>&nbsp;</span></p><p style='text-align: left;'><br></p><p style='text-align: left;'><span style='font-family: 宋体, SimSun; font-size: 14px;'>网易云音乐人http://music.163.com/#/artist?id=12052079</span></p><p style='text-align: left;'><span style='font-family: 宋体, SimSun; font-size: 14px;'>新浪微博&nbsp;http://weibo.com/BloodofLife</span></p><p style='text-align: left;'><span style='font-family: 宋体, SimSun; font-size: 14px;'>百度音乐人&nbsp;http://y.baidu.com/bloodoflife</span></p><p style='text-align: left;'><span style='font-family: 宋体, SimSun; font-size: 14px;'>乐队联系方式：老韩Mobile 15001858237 QQ 670335820</span></p><p><br></p><p><br></p><p style='text-align: left;'><span style='font-family: 宋体, SimSun; font-size: 14px;'>&nbsp;</span></p><p style='text-align: left;'><strong><span style='font-family: 宋体, SimSun; font-size: 14px;'>购票须知</span></strong></p><p style='text-align: left;'><strong><span style='font-family: 宋体, SimSun; font-size: 14px;'>1.本场演出不支持退换票，如无法正常观看，还请自行处理，给您带来不便敬请谅解；</span></strong></p><p style='text-align: left;'><strong><span style='font-family: 宋体, SimSun; font-size: 14px;'>2.本场演出凭电子票二维码核验入场，无实体票，场地内不设座位，均为站席观演；</span></strong></p><p style='text-align: left;'><strong><span style='font-family: 宋体, SimSun; font-size: 14px;'>3.请勿发布任何形式的转票信息。</span></strong></p><p style='text-align: left;'><span style='font-family: 宋体, SimSun; font-size: 14px;'>&nbsp;</span></p><p><br></p>"),
    (NULL,"独家马潇与乐队《27》新专辑巡演 广州站","<p style='text-align: left;'><strong><span style='font-size: 14px; font-family: 宋体, SimSun; color: rgb(0, 0, 0);'>演出艺人：马潇</span></strong></p><p style='text-align: left;'><strong><span style='font-size: 14px; font-family: 宋体, SimSun; color: rgb(0, 0, 0);'>演出场地：广州 TU凸空间</span></strong></p><p style='text-align: left;'><span style='font-size: 14px; font-family: 宋体, SimSun; color: rgb(0, 0, 0);'><br></span></p><p style='text-align: left;'><span style='font-family: 宋体, SimSun; font-size: 14px; color: rgb(0, 0, 0);'>①&nbsp;2014——2019，五年时间，三张专辑，27岁，把悲伤化成坦然，笑诉愁肠</span></p><p style='text-align: left;'><span style='font-size: 14px; font-family: 宋体, SimSun; color: rgb(0, 0, 0);'>&nbsp;</span></p><p style='text-align: left;'><span style='font-size: 14px; font-family: 宋体, SimSun; color: rgb(0, 0, 0);'>2014年10月，专辑《请你爱我或给我一把枪》，8歌；</span></p><p style='text-align: left;'><span style='font-size: 14px; font-family: 宋体, SimSun; color: rgb(0, 0, 0);'>2016年1月，EP《少年谣》，4歌；</span></p><p style='text-align: left;'><span style='font-size: 14px; font-family: 宋体, SimSun; color: rgb(0, 0, 0);'>2017年8月，专辑《和生活把酒言欢》10歌；</span></p><p style='text-align: left;'><span style='font-size: 14px; font-family: 宋体, SimSun; color: rgb(0, 0, 0);'>2019年即将发布专辑《27》，如常，感谢相伴。</span></p><p style='text-align: left;'><span style='font-size: 14px; font-family: 宋体, SimSun; color: rgb(0, 0, 0);'><br></span></p><p style='text-align: left;'><span style='font-size: 14px; font-family: 宋体, SimSun; color: rgb(0, 0, 0);'><img src='https://s2.showstart.com/img/2019/20190324/d0ff91d69efa46c28ae7990f75aeb866_1210_709_400395.0x0.jpg?imageMogr2/thumbnail/640x/gravity/Center/crop/640x' title='/img/2019/20190324/d0ff91d69efa46c28ae7990f75aeb866_1210_709_400395.0x0.jpg' alt=''></span></p><p><br></p><p style='text-align: left;'><span style='font-size: 14px; font-family: 宋体, SimSun; color: rgb(0, 0, 0);'>悲往上，升作坦然、勇敢、自由自在；乐往下，堕入贪婪、懒惰、患得患失。人间的底色是悲凉，悲是恒久弥长的主题，乐是一时失离。比如繁花易逝，泥土才漫长；比如星光闪闪，暗空才无边无际。27岁，是个该把悲伤化作坦然，故地重游，故人再见，要笑着诉愁肠。<br></span></p><p style='text-align: left;'><span style='font-size: 14px; font-family: 宋体, SimSun; color: rgb(0, 0, 0);'>&nbsp;</span></p><p style='text-align: left;'><span style='font-size: 14px; font-family: 宋体, SimSun; color: rgb(0, 0, 0);'>如常，期许相遇。</span></p><p><br></p><p style='text-align: left;'><span style='font-size: 14px;'><span style='font-family: 宋体, SimSun; color: rgb(0, 0, 0);'>② 2019，14个夜晚，化身为鱼，远渡彼岸。</span><span style='color: rgb(0, 0, 0); font-family: 隶书, SimLi;'></span></span><span style='color: rgb(0, 0, 0); font-size: 14px; font-family: 隶书, SimLi;'>&nbsp;</span></p><p style='text-align: left;'><span style='font-size: 14px; font-family: 宋体, SimSun; color: rgb(0, 0, 0);'><br></span></p><p><br></p><p style='text-align: left;'><span style='font-size: 14px; font-family: 宋体, SimSun; color: rgb(0, 0, 0);'>海口 &nbsp; &nbsp; 5.31 &nbsp; &nbsp;20:30 &nbsp;棠Live house&nbsp;</span></p><p style='text-align: left;'><span style='font-size: 14px; font-family: 宋体, SimSun; color: rgb(0, 0, 0);'>三亚 &nbsp; &nbsp; 6.01 &nbsp; &nbsp;21:00 &nbsp;三亚南楼livehouse</span></p><p style='text-align: left;'><span style='font-size: 14px; font-family: 宋体, SimSun; color: rgb(0, 0, 0);'>广州 &nbsp; &nbsp; 6.07 &nbsp; &nbsp;20:30 &nbsp;TU凸空间</span></p><p style='text-align: left;'><span style='font-size: 14px; font-family: 宋体, SimSun; color: rgb(0, 0, 0);'>深圳 &nbsp; &nbsp; 6.08 &nbsp; &nbsp;20:30 &nbsp;HOU LIVE</span></p><p style='text-align: left;'><span style='font-size: 14px; font-family: 宋体, SimSun; color: rgb(0, 0, 0);'>北京 &nbsp; &nbsp; 6.14 &nbsp; &nbsp;21:00 &nbsp;江湖酒吧</span></p><p style='text-align: left;'><span style='font-size: 14px; font-family: 宋体, SimSun; color: rgb(0, 0, 0);'>郑州 &nbsp; &nbsp; 6.15 &nbsp; &nbsp;20:30 &nbsp;7LIVEHOUSE</span></p><p style='text-align: left;'><span style='font-size: 14px; font-family: 宋体, SimSun; color: rgb(0, 0, 0);'>杭州 &nbsp; &nbsp; 9.06 &nbsp; &nbsp;20:30 &nbsp;酒球会</span></p><p style='text-align: left;'><span style='font-size: 14px; font-family: 宋体, SimSun; color: rgb(0, 0, 0);'>苏州 &nbsp; &nbsp; 9.07 &nbsp; &nbsp;20:30 &nbsp;山丘咖啡HILLHOUSE</span></p><p style='text-align: left;'><span style='font-size: 14px; font-family: 宋体, SimSun; color: rgb(0, 0, 0);'>济南 &nbsp; &nbsp; 9.08 &nbsp; &nbsp;20:30 &nbsp;生意兴隆LIVEHOUSE</span></p><p style='text-align: left;'><span style='font-size: 14px; font-family: 宋体, SimSun; color: rgb(0, 0, 0);'>沈阳 &nbsp; &nbsp; 9.13 &nbsp; &nbsp;20:00 &nbsp;理想之上livehouse沈阳</span></p><p style='text-align: left;'><span style='font-size: 14px; font-family: 宋体, SimSun; color: rgb(0, 0, 0);'>长春 &nbsp; &nbsp; 9.14 &nbsp; &nbsp;20:00 &nbsp;光阴如昔店</span></p><p style='text-align: left;'><span style='font-size: 14px; font-family: 宋体, SimSun; color: rgb(0, 0, 0);'>哈尔滨 &nbsp; 9.15 &nbsp; &nbsp;20:00&nbsp; 哈尔滨北方国际青年旅舍</span></p><p style='text-align: left;'><span style='font-size: 14px; font-family: 宋体, SimSun; color: rgb(0, 0, 0);'>兰州 &nbsp; &nbsp; 9.20 &nbsp; &nbsp;20:00 &nbsp;葵LiveHouse</span></p><p style='text-align: left;'><span style='font-size: 14px; font-family: 宋体, SimSun; color: rgb(0, 0, 0);'>成都 &nbsp; &nbsp; 9.21 &nbsp; &nbsp;20:00 &nbsp;小酒馆芳沁店</span></p><p style='text-align: left;'><span style='font-size: 14px; font-family: 宋体, SimSun; color: rgb(0, 0, 0);'><br></span></p><p style='text-align: left;'><span style='font-size: 14px; font-family: 宋体, SimSun; color: rgb(0, 0, 0);'><img src='https://s2.showstart.com/img/2019/20190324/991609427c424f6cbd14abfdbf8b3acb_3264_1041_713983.0x0.jpg?imageMogr2/thumbnail/640x/gravity/Center/crop/640x' title='/img/2019/20190324/991609427c424f6cbd14abfdbf8b3acb_3264_1041_713983.0x0.jpg' alt=''></span></p><p style='text-align: left;'><span style='font-size: 14px; font-family: 宋体, SimSun; color: rgb(0, 0, 0);'><br></span></p><p style='text-align: left;'><span style='font-size: 14px; font-family: 宋体, SimSun; color: rgb(0, 0, 0);'>当世人考量我们该获取的拥有时，往往相信双眼所能看见的事物。一、二、三......于是时间久了，人们只记得“一生二，二生三，三生万物”，于此之前的三个字——“道生一”——读起来忽觉生疏。于是我们积累财富、获取工作、建立家庭，用勇敢、善良、自由去换取生活里最表象的美好。还给自己一个夜晚，无论如何，绝不交出。</span></p><p style='text-align: left;'><span style='font-size: 14px; font-family: 宋体, SimSun; color: rgb(0, 0, 0);'>&nbsp;</span></p><p style='text-align: left;'><span style='font-size: 14px; font-family: 宋体, SimSun; color: rgb(0, 0, 0);'>如常，感谢相伴。</span></p><p style='text-align: left;'><span style='color: rgb(0, 0, 0); font-family: 宋体, SimSun; font-size: 14px;'>&nbsp;</span></p><p style='text-align: left;'><span style='color: rgb(0, 0, 0); font-family: 宋体, SimSun; font-size: 14px;'>③ 马潇《27》新专辑巡演，三人行，动静相宜。</span></p><p><br></p><p style='text-align: left;'><img src='https://s2.showstart.com/img/2019/20190324/19ab956818724915bb18b478cdf94005_2575_1280_1700696.0x0.jpg?imageMogr2/thumbnail/640x/gravity/Center/crop/640x' title='/img/2019/20190324/19ab956818724915bb18b478cdf94005_2575_1280_1700696.0x0.jpg' alt=''></p><p style='text-align: left;'><img src='https://s2.showstart.com/img/2019/20190324/808adcf6539a4239b580797c3dd6fcfb_2575_1280_1644340.0x0.jpg?imageMogr2/thumbnail/640x/gravity/Center/crop/640x' style='' title='/img/2019/20190324/808adcf6539a4239b580797c3dd6fcfb_2575_1280_1644340.0x0.jpg'></p><p style='text-align: left;'><img src='https://s2.showstart.com/img/2019/20190324/f8697073d25147c88df9a2ed065da581_2575_1280_1762265.0x0.jpg?imageMogr2/thumbnail/640x/gravity/Center/crop/640x' style='' title='/img/2019/20190324/f8697073d25147c88df9a2ed065da581_2575_1280_1762265.0x0.jpg'></p><p><br></p><p style='text-align: left;'><span style='font-size: 14px; font-family: 宋体, SimSun; color: rgb(0, 0, 0);'>新专辑《27》即将发布，巡演将和两位优秀的乐手老师一起上路。曲目的安排动静相宜，新旧穿插。音乐的灵魂是现场，确定和不确定交合起来，歌才更像是生活，我们面对面，在一起。</span></p><p style='text-align: left;'><span style='font-size: 14px; font-family: 宋体, SimSun; color: rgb(0, 0, 0);'>&nbsp;</span></p><p style='text-align: left;'><span style='font-size: 14px; font-family: 宋体, SimSun; color: rgb(0, 0, 0);'>如常，感谢相知。</span></p><p style='text-align: left;'><span style='font-size: 14px; font-family: 宋体, SimSun; color: rgb(0, 0, 0);'>&nbsp;</span></p><p><br></p><p><br></p><p style='margin-top:0;margin-right:0;margin-bottom:0;margin-left:0;text-indent:0;padding:0 0 0 0 ;text-autospace:ideograph-numeric;text-align:justify;text-justify:inter-ideograph;line-height:150%'><strong><span style='font-family: 宋体;line-height: 150%;letter-spacing: 0;font-size: 14px'><span style='font-family:宋体'>购票须知</span></span></strong></p><p style='margin-top:0;margin-right:0;margin-bottom:0;margin-left:0;text-indent:0;padding:0 0 0 0 ;text-autospace:ideograph-numeric;text-align:justify;text-justify:inter-ideograph;line-height:150%'><strong><span style='font-family: 宋体;line-height: 150%;letter-spacing: 0;font-size: 14px'>1.本场演出不支持退换票，如无法正常观看，还请自行处理，给您带来不便敬请谅解；</span></strong></p><p style='margin-top:0;margin-right:0;margin-bottom:0;margin-left:0;text-indent:0;padding:0 0 0 0 ;text-autospace:ideograph-numeric;text-align:justify;text-justify:inter-ideograph;line-height:150%'><strong><span style='font-family: 宋体;line-height: 150%;letter-spacing: 0;font-size: 14px'>2.本场演出凭电子票二维码核验入场，无实体票，</span></strong><strong><span style='font-family: 宋体;line-height: 150%;letter-spacing: 0;font-size: 14px'><span style='font-family:宋体'>场地内不设座位，均为站席观演；</span></span></strong></p><p style='margin-top:0;margin-right:0;margin-bottom:0;margin-left:0;text-indent:0;padding:0 0 0 0 ;text-autospace:ideograph-numeric;text-align:justify;text-justify:inter-ideograph;line-height:150%'><strong><span style='font-family: 宋体;line-height: 150%;letter-spacing: 0;font-size: 14px'>3.秀动网严禁发布任何形式的转票、求票及个人联系信息，秀动网有权取消违规者订单、留言（情节严重的将进行禁言直至账户冻结处罚）。</span></strong></p><p><br></p>"),
    (NULL,"局外人 Inside 赵天宇2019签唱会","<p style='text-align: left;'><span style='font-family: 宋体, SimSun; font-size: 14px;'><strong>演出艺人：赵天宇</strong></span></p><p style='text-align: left;'><span style='font-family: 宋体, SimSun; font-size: 14px;'><strong>演出场地：杭州 MAO Livehouse</strong></span></p><p><br></p><p><br></p><p style='text-align: left;'><span style='font-family: 宋体, SimSun; font-size: 14px;'>第一季明日之子播出后，赵天宇从弹着吉他低吟浅唱着《奇妙能力歌》，到帅气炸裂地演绎起《Faith》，再到魅惑十足的《被驯服的象》。舞台上的赵天宇自信而光芒四射，吸引了很多人。</span></p><p style='text-align: left;'><span style='font-family: 宋体, SimSun; font-size: 14px;'>他开朗的性格与幸福家庭中长大的孩子别无二致，丝毫看不出曾经的经历给他留下的伤疤，也许不深入发掘，我们永远无法窥视他的故事和内心。</span></p><p style='text-align: left;'><span style='font-family: 宋体, SimSun; font-size: 14px;'><br></span></p><p style='text-align: left;'><img src='https://s2.showstart.com/img/2019/20190529/40a5bddb37cc44d284e86af712d3d612_629_913_125145.0x0.jpg?imageMogr2/thumbnail/640x/gravity/Center/crop/640x' title='/img/2019/20190529/40a5bddb37cc44d284e86af712d3d612_629_913_125145.0x0.jpg' alt=''></p><p style='text-align: left;'><span style='font-family: 宋体, SimSun; font-size: 14px;'><br></span></p><p style='text-align: left;'><span style='font-family: 宋体, SimSun; font-size: 14px;'>2019年，赵天宇举行演唱会巡演，他希望以局外人的身份，以歌曲的形式把故事唱出来，也希望通过这次机会与粉丝近距离接触，呈现不一样的赵天宇。</span></p><p style='text-align: left;'><span style='font-family: 宋体, SimSun; font-size: 14px;'>演唱会主题预示人生哲理，希望通过Live house传递满满正能量，令人从孤独中学会成长。此次演唱会名为“局外人·INSIDE”，然而，对于“局外人”的含义，赵天宇有着自己的理解：“第一，我希望以一个局外人的角度去解读其他人或者自己的故事；第二，我希望在人生的‘欢乐场’里看清自己，作为一个局外人观察着一切”，他时刻警醒自己是个清醒的局外人，时刻明晰自己努力的方向，借此希望帮助大家走出人生困局，正是赵天宇此次巡演想要表达的真正含义。</span></p><p style='text-align: left;'><span style='font-family: 宋体, SimSun; font-size: 14px;'><br></span></p><p style='text-align: left;'><img src='https://s2.showstart.com/img/2019/20190529/caf42baab10041aa9832beb63b2adc55_640_979_239543.0x0.jpg?imageMogr2/thumbnail/640x/gravity/Center/crop/640x' title='/img/2019/20190529/caf42baab10041aa9832beb63b2adc55_640_979_239543.0x0.jpg' alt=''></p><p style='text-align: left;'><span style='font-family: 宋体, SimSun; font-size: 14px;'><br></span></p><p style='text-align: left;'><span style='font-family: 宋体, SimSun; font-size: 14px;'>赵天宇最新EP《局外人》已经启程，用整体质量不俗的作品辅佐他的诠释能力，有意打造“故事化”“情境化”的题材导向，为他开拓出一个城市当中“唱故事的人”。</span></p><p style='text-align: left;'><span style='font-family: 宋体, SimSun; font-size: 14px;'>在演出中，我们可以聆听到《局外人》全辑四首作品，赵天宇用最安静的声音，细述了关于三维空间交错的主宰者——我们，关于最复杂的高级动物荷尔蒙催化的最丰富的情感交错。</span></p><p style='text-align: left;'><span style='font-family: 宋体, SimSun; font-size: 14px;'>EP的先行曲《不再让你走远》，他用真假混音唱得气韵委婉，温润入心。再加上“我眼里映出无际的蓝天/你看穿了/然而仍陪在我身边”这样的歌词，让这首歌成为一首具有画面感的诗意之作。</span></p><p style='text-align: left;'><span style='font-family: 宋体, SimSun; font-size: 14px;'>阿肆创作的《思刻》，歌词充满将心爱的人比喻成“歌”、不断“单曲循环”的巧思，给EP增加了文艺的气质。赵天宇对这首作品情感渐进的把握是亮点，从开头的平缓到情绪越来越激烈，对爱情的炙热甚至偏执的感情渲染到位。</span></p><p style='text-align: left;'><span style='font-family: 宋体, SimSun; font-size: 14px;'><br></span></p><p style='text-align: left;'><span style='font-family: 宋体, SimSun; font-size: 14px;'>&nbsp;</span><img src='https://s2.showstart.com/img/2019/20190529/15c70c60a5964a9eaa8722b2d943ba48_640_427_120580.0x0.jpg?imageMogr2/thumbnail/640x/gravity/Center/crop/640x' title='/img/2019/20190529/15c70c60a5964a9eaa8722b2d943ba48_640_427_120580.0x0.jpg' alt=''></p><p style='text-align: left;'><span style='font-family: 宋体, SimSun; font-size: 14px;'><br></span></p><p style='text-align: left;'><span style='font-family: 宋体, SimSun; font-size: 14px;'>《我陪你忘了他》和《无解》等大家去现场感受歌曲的震撼，不同于电子音乐带给大家的感觉，最后现场会有彩蛋喔和令你想不到的互动呢。</span></p><p style='text-align: left;'><span style='font-family: 宋体, SimSun; font-size: 14px;'><br></span></p><p style='text-align: left;'><span style='font-family: 宋体, SimSun; font-size: 14px;'><br></span></p><p style='text-align: left;'><span style='font-family: 宋体, SimSun; font-size: 14px;'></span></p><p style='margin: 0px; text-indent: 0px; padding: 0px; text-align: left; line-height: 150%;'><strong><span style='font-family: 宋体;line-height: 150%;letter-spacing: 0;font-size: 14px'><span style='font-family:宋体'>购票须知</span></span></strong></p><p style='margin: 0px; text-indent: 0px; padding: 0px; text-align: left; line-height: 150%;'><strong><span style='font-family: 宋体;line-height: 150%;letter-spacing: 0;font-size: 14px'>1.本场演出不支持退换票，如无法正常观看，还请自行处理，给您带来不便敬请谅解；</span></strong></p><p style='margin: 0px; text-indent: 0px; padding: 0px; text-align: left; line-height: 150%;'><strong><span style='font-family: 宋体;line-height: 150%;letter-spacing: 0;font-size: 14px'>2.本场演出凭电子票二维码核验入场，无实体票，场地内不设座位，均为站席观演；</span></strong></p><p style='margin: 0px; text-indent: 0px; padding: 0px; text-align: left; line-height: 150%;'><strong><span style='font-family: 宋体;line-height: 150%;letter-spacing: 0;font-size: 14px'>3.请勿发布任何形式的转票信息。</span></strong></p><p style='text-align: left;'><span style='font-family: 宋体, SimSun; font-size: 14px;'><br></span><br></p><p style='text-align: left;'><br></p>"),
    (NULL,"徐真真“如果爱，请渣爱”2019盛夏巡演 成都站","<p style='text-align: left;'><span style='font-family: 宋体, SimSun; font-size: 14px;'></span><strong style='text-align: justify;'><span style='font-family: 宋体;letter-spacing: 0;font-size: 14px'>参演艺人：徐真真</span></strong></p><p style='margin: 0px; text-indent: 0px; padding: 0px; text-align: left;'><strong><span style='letter-spacing: 0px; font-size: 14px; font-family: 宋体;'>演出场地：乐空间 - 成都店</span></strong></p><p style='text-align: left;'><span style='font-family: 宋体, SimSun; font-size: 14px;'><br></span></p><p style='text-align: left;'><span style='font-family: 宋体, SimSun; font-size: 14px;'><br></span></p><p style='text-align: left;'><span style='font-family: 宋体, SimSun; font-size: 14px;'>从3月份起，你的渣男徐真真的“渣爱”巡演</span></p><p style='text-align: left;'><span style='font-family: 宋体, SimSun; font-size: 14px;'><br></span></p><p style='text-align: left;'><span style='font-family: 宋体, SimSun; font-size: 14px;'>已经跑过了8站——</span></p><p><br></p><p style='text-align: left;'><img src='https://s2.showstart.com/img/2019/20190513/18591c50edc94ac795021b194ff81b24_640_394_331823.0x0.jpg?imageMogr2/thumbnail/640x/gravity/Center/crop/640x' title='/img/2019/20190513/18591c50edc94ac795021b194ff81b24_640_394_331823.0x0.jpg'><span style='font-family: 宋体, SimSun; font-size: 14px;'>&nbsp;</span></p><p><br></p><p style='text-align: left;'><span style='font-family: 宋体, SimSun; font-size: 14px;'>一路走来，我们都听到全国不同地方的渣男渣女在大呼：</span></p><p style='text-align: left;'><span style='font-family: 宋体, SimSun; font-size: 14px;'>“怎么没有杭州站呀？”</span></p><p style='text-align: left;'><span style='font-family: 宋体, SimSun; font-size: 14px;'>“沈阳什么时候可以拥有姓名呜呜呜”</span></p><p><br></p><p><br></p><p style='text-align: left;'><img src='https://s2.showstart.com/img/2019/20190513/0ff6b466c1f94a8cb5ac736d1b3ebcd3_901_602_725470.0x0.jpg?imageMogr2/thumbnail/640x/gravity/Center/crop/640x' title='/img/2019/20190513/0ff6b466c1f94a8cb5ac736d1b3ebcd3_901_602_725470.0x0.jpg'><span style='font-family: 宋体, SimSun; font-size: 14px;'>&nbsp;</span></p><p><br></p><p style='text-align: left;'><span style='font-family: 宋体, SimSun; font-size: 14px;'>别急，我们都会安排的！</span></p><p style='text-align: left;'><span style='font-family: 宋体, SimSun; font-size: 14px;'>现在，新一轮的“渣爱”盛夏巡演已经开启！</span></p><p style='text-align: left;'><span style='font-family: 宋体, SimSun; font-size: 14px;'>渣男徐真真继续上路，继续把他的快乐散播到更多地方！</span></p><p><br></p><p style='text-align: left;'><span style='font-family: 宋体, SimSun; font-size: 14px;'><img src='https://s2.showstart.com/img/2019/20190514/e53fc0c710184ef2a50527dd0c13d59d_1271_1779_1384107.0x0.jpg?imageMogr2/thumbnail/640x/gravity/Center/crop/640x' title='/img/2019/20190514/e53fc0c710184ef2a50527dd0c13d59d_1271_1779_1384107.0x0.jpg'>&nbsp;</span></p><p><br></p><p style='text-align: left;'><span style='font-family: 宋体, SimSun; font-size: 14px;'>注：VIP可优先入场，演出结束后可与渣男签名合影。</span></p><p><br></p><p style='text-align: left;'><span style='font-family: 宋体, SimSun; font-size: 14px;'>-渣男徐真真-</span></p><p><br></p><p style='text-align: left;'><span style='font-family: 宋体, SimSun; font-size: 14px;'>&nbsp;</span><img src='https://s2.showstart.com/img/2019/20190513/453c452219af4c278fe1946025715ba3_1080_720_262594.0x0.jpg?imageMogr2/thumbnail/640x/gravity/Center/crop/640x' title='/img/2019/20190513/453c452219af4c278fe1946025715ba3_1080_720_262594.0x0.jpg'></p><p><br></p><p style='text-align: left;'><span style='font-family: 宋体, SimSun; font-size: 14px;'>徐真真，也叫2REAL，以简单洗脑的唱法和自由乐观的态度成为最抗抑郁的中国说唱歌手。他的许多作品都被说唱乐迷们认为是百忧解，听见他的声音就如同感受到阳光普照。歌迷总是说他“真人帅”、“本人很耐撕”、“现场超燃”、甚至被称为“嘻哈界的一股清流”。其中《开心就拍手》、《沒有关系》就是最具代表性的神曲，他的走心作品《当妮走了》也能让乐迷潸然泪下，与民谣女神花粥最新合作的《活该》也已经成为了一首跨界热单。凭借单纯的帅活跃在中国嘻哈领域多年，也让真真在传奇乐团“天王星”解散之后成为了史上持久力最佳的嘻哈歌手之一。</span></p><p style='text-align: left;'><span style='font-family: 宋体, SimSun; font-size: 14px;'>&nbsp;</span></p><p><br></p><p style='text-align: left;'><img src='https://s2.showstart.com/img/2019/20190513/ede2e4bb13754d5f89368c8182ee0896_460_265_147636.0x0.jpg?imageMogr2/thumbnail/640x/gravity/Center/crop/640x' title='/img/2019/20190513/ede2e4bb13754d5f89368c8182ee0896_460_265_147636.0x0.jpg'><span style='font-family: 宋体, SimSun; font-size: 14px;'>&nbsp;</span></p><p><br></p><p style='text-align: left;'><span style='font-family: 宋体, SimSun; font-size: 14px;'>熟悉真真的粉丝都知道，去年夏秋之交开始，他就莫名其妙地多了一个AKA——渣男。对于外界的风言风语，他从来不放在心上，更不想去解释，而是欣然接受人们对他的爱与恨。在巡演每一站的现场，歌迷们把对他的真情汇聚成了一声声“渣男”，这成了他们在现场接头的暗号。</span></p><p style='text-align: left;'><span style='font-family: 宋体, SimSun; font-size: 14px;'>&nbsp;</span></p><p style='text-align: left;'><span style='font-family: 宋体, SimSun; font-size: 14px;'>&nbsp;</span><img src='https://s2.showstart.com/img/2019/20190513/2a8cdf616efa46f7a3a4187d6dffd255_690_461_283479.0x0.jpg?imageMogr2/thumbnail/640x/gravity/Center/crop/640x' title='/img/2019/20190513/2a8cdf616efa46f7a3a4187d6dffd255_690_461_283479.0x0.jpg'></p><p style='text-align: left;'><span style='font-family: 宋体, SimSun; font-size: 14px;'>&nbsp;</span></p><p style='text-align: left;'><span style='font-family: 宋体, SimSun; font-size: 14px;'>渣男可能是中国被黑次数最多的说唱歌手了。但不管别人再怎么黑他，都不如他自黑的等级高。他在节目中糟糕的Freestyle表现使他成为全民嘲讽的对象，他却可以把这个尴尬的梗唱成洗脑的新歌《没有关系》。</span></p><p style='text-align: left;'><br><br></p><p style='text-align: left;'><span style='font-family: 宋体, SimSun; font-size: 14px;'>去年，徐真真最深入人心的作品《当妮走了》惨遭全网下架，几经沟通无果之后，为了悼念自己惨遭扼杀的孩子，他写了一首《真的走了》。</span></p><p style='text-align: left;'><br></p><p style='text-align: left;'><span style='font-family: 宋体, SimSun; font-size: 14px;'>&nbsp;</span></p><p style='text-align: left;'><span style='font-family: 宋体, SimSun; font-size: 14px;'>戏剧的是，今年4月，在《如果爱，请渣爱》开春巡演的途中，《妮》又回来了！</span></p><p style='text-align: left;'><span style='font-family: 宋体, SimSun; font-size: 14px;'>&nbsp;</span></p><p style='text-align: left;'><br></p><p style='text-align: left;'><span style='font-family: 宋体, SimSun; font-size: 14px;'>今年开春，渣男徐真真重新上路，并且把他大无畏的自黑精神发挥到极致——新专辑和巡演的主题都叫做“如果爱，请渣爱”，英文名则是“True Love,&nbsp;Bad&nbsp;Baby”。</span></p><p><br></p><p><br></p><p style='text-align: left;'><img src='https://s2.showstart.com/img/2019/20190513/d494380cb66d4d98a595053e58c50abe_640_640_671740.0x0.jpg?imageMogr2/thumbnail/640x/gravity/Center/crop/640x' title='/img/2019/20190513/d494380cb66d4d98a595053e58c50abe_640_640_671740.0x0.jpg'><span style='font-family: 宋体, SimSun; font-size: 14px;'>&nbsp;</span></p><p style='text-align: left;'><span style='font-family: 宋体, SimSun; font-size: 14px;'>由歌迷票选出的《如果爱，请渣爱》专辑封面</span></p><p style='text-align: left;'><span style='font-family: 宋体, SimSun; font-size: 14px;'>&nbsp;</span></p><p style='text-align: left;'><span style='font-family: 宋体, SimSun; font-size: 14px;'>《如果爱，请渣爱》收录了11首全新单曲+1首特别收录，曲风以流行说唱乐为主，大部分主题都围绕着“渣”、“爱”两个字展开，里面可以听到“渣渣的情话”也有“心碎的节拍”。希望让更多的年轻男女能在这张专辑里听见自己的故事。</span></p><p style='text-align: left;'><span style='font-family: 宋体, SimSun; font-size: 14px;'><br></span></p><p style='text-align: left;'><br></p><p style='text-align: left;'><span style='font-family: 宋体, SimSun; font-size: 14px;'>整张专辑由徐真真担任总制作人和混音师，客串嘉宾阵容有杨佬叁、3Bangz、何柏诚和阎莉，由广州抽根音乐文化传播有限公司制作，北京太声文化传播有限公司发行。</span></p><p style='text-align: left;'><span style='font-family: 宋体, SimSun; font-size: 14px;'>&nbsp;</span></p><p style='text-align: left;'><span style='font-family: 宋体, SimSun; font-size: 14px;'>这张专辑和这趟巡演，送给所有在感情中如履薄冰的男孩女孩：即使你情深似海，也可能一身伤痕，所以请记住——如果爱，请渣爱。</span></p><p style='text-align: left;'><span style='font-family: 宋体, SimSun; font-size: 14px;'>&nbsp;</span></p><p style='text-align: left;'><br></p><p style='text-align: left;'><span style='font-family: 宋体, SimSun; font-size: 14px;'><img src='https://s2.showstart.com/img/2019/20190514/cc15056358dc497b857997cf135c8da1_1271_1779_1384107.0x0.jpg?imageMogr2/thumbnail/640x/gravity/Center/crop/640x' title='/img/2019/20190514/cc15056358dc497b857997cf135c8da1_1271_1779_1384107.0x0.jpg'>&nbsp;</span></p><p style='text-align: left;'><span style='font-family: 宋体, SimSun; font-size: 14px;'>－「如果爱，请渣爱」巡演站次－</span></p><p style='text-align: left;'><span style='font-family: 宋体, SimSun; font-size: 14px;'>&nbsp;</span></p><p style='text-align: left;'><span style='font-family: 宋体, SimSun; font-size: 14px;'>全程统一票价：早鸟100元，预售120元，现场150元，VIP预售250元，现场300元</span></p><p style='text-align: left;'><span style='font-family: 宋体, SimSun; font-size: 14px;'>VIP优先入场，结束后可签名合影</span></p><p style='text-align: left;'><span style='font-family: 宋体, SimSun; font-size: 14px;'>&nbsp;</span></p><p style='text-align: left;'><span style='font-family: 宋体, SimSun; font-size: 14px;'></span></p><p>5月26日周日19:30，沈阳，美帝奇（1905音乐现场）</p><p>铁西区兴华北街8号1905文化创意园</p><p>6月6日端午节前夜20:30，长沙，46 Livehouse</p><p>长沙市岳麓区新民路52号湘财大厦负一楼</p><p>6月7日周五20:30，成都，乐空间</p><p>龙泉驿区东洪路666号梵木创艺区6号馆</p><p>6月15日周六20:30，昆明，MAO Livehouse</p><p>北京路同德昆明广场悦汇坊B1-06号</p><p>6月16日周日20:30，重庆，坚果LIVEHOUSE</p><p>渝中区较场口得意潮馆西门负一楼21号</p><p>7月6日周六20:30，太原，BOO Lifespace</p><p>山西省太原市万柏林区新晋祠路万象城四层N次方内BOO lifespace</p><p>7月7日周日20:30，杭州，MAO Livehouse</p><p>上城区中山南路77号尚城1157三楼</p><p>7月19日周五20:00，呼和浩特，WHOHOT Livehouse</p><p>内蒙古呼和浩特市赛罕区融桥海鲜市场对面尚好家快捷酒店南巷200米内</p><p>7月20日周六20:00，兰州，葵艺术空间</p><p>南滨河路岚沐文化产业园内，原兰州木器厂</p><p>7月21日周日21:30，乌鲁木齐，嬉游Livehouse</p><p>新疆乌鲁木齐市南湖东路北六巷83号</p><p>8月3号周六20：00，中山，SunLive（拾年音乐酒吧）</p><p>中山市石岐区中山二路4号星汇湾7栋首层1卡</p><p>8月17号周六20：00，台北，THE WALL&nbsp; LIVEHOUSE</p><p>台北市文山區羅斯福路200號B1</p><p><span style='font-family: 宋体, SimSun; font-size: 14px;'>&nbsp;</span><br></p><p style='text-align: left;'><span style='font-family: 宋体, SimSun; font-size: 14px;'>我们现场见！</span></p><p><br></p><p><br></p><p><strong><span style='font-family: 宋体, SimSun; font-size: 14px;'>购票须知</span></strong></p><p><strong><span style='font-family: 宋体, SimSun; font-size: 14px;'>1.本场演出不支持退换票，如无法正常观看，还请自行处理，给您带来不便敬请谅解；</span></strong></p><p><strong><span style='font-family: 宋体, SimSun; font-size: 14px;'>2.本场演出凭电子票二维码核验入场，无实体票，场地内不设座位，均为站席观演；</span></strong></p><p><strong><span style='font-family: 宋体, SimSun; font-size: 14px;'>3.请勿发布任何形式的转票信息。</span></strong></p><p><br></p>"),
    (NULL,"【影响呈现】Peace 2019巡演 深圳站","<p style='margin-top:0;margin-right:0;margin-bottom:0;margin-left:0;text-indent:0;padding:0 0 0 0 ;text-align:justify;text-justify:inter-ideograph'><strong><span style='letter-spacing: 0px; font-size: 14px; font-family: 宋体;'>参演艺人：Peace</span></strong></p><p style='margin-top:0;margin-right:0;margin-bottom:0;margin-left:0;text-indent:0;padding:0 0 0 0 ;text-align:justify;text-justify:inter-ideograph'><strong><span style='letter-spacing: 0px; font-size: 14px; font-family: 宋体;'>演出场地：深圳 B10现场</span></strong></p><p><br></p><p><br></p><p style='text-align: justify;'><span style='font-family: 宋体, SimSun; font-size: 14px;'>从组建时起，Peace 就执着于演绎潇洒动听的独立摇滚，他们将经典后朋克和 Vampire Weekend 式的青春活力加以融合，在轻快与忧郁之间拨动着每个乐迷的心弦，纨绔子弟般的精致外形下，乐队成员的骨子里又透着股认真劲儿。</span></p><p><br></p><p style='text-align: justify;'><span style='font-family: 宋体, SimSun; font-size: 14px;'>主唱 Harry Koisser 被乐迷亲切地唤为“哈丽森”，乐队作品的歌词和基本的旋律编排，基本都是由他来完成的，作为乐队的 frontman，他的英气、妩媚、少年感，也渐渐成了 Peace 这支乐队的形象标签。除此之外，他整个人还具备足够的卡里斯马，即那种旧时代摇滚巨星才有的超凡魅力，一旦站上舞台，他一定是全场的绝对焦点。</span></p><p><br></p><p style='text-align: justify;'><span style='font-family: 宋体, SimSun; font-size: 14px;'>Peace 总是写一些入世而充满戏剧性的歌曲，他们要的就是铅华，就是镁光灯，他们要逆光，要不散场的派对。</span></p><p><br></p><p style='text-align: justify;'><span style='font-family: 宋体, SimSun; font-size: 14px;'>这些东西，他们得来得也毫不费力。乐队于2009年成立于英国伍斯特，由 Harry Koisser、Sam Koisse r两兄弟，加上 Doug Castle 和 Dom Boyce 组成，从2012年开始，Peace 受到多家本土媒体关注，并被类比为 The Maccabees、Foals 和 Vampire Weekend 这样一些英伦独立劲旅。</span></p><p><br></p><p style='text-align: justify;'><span style='font-family: 宋体, SimSun; font-size: 14px;'>Peace 在2012年在线上发行的第一支单曲《Bblood》就被英国标杆乐媒 NME 报道，The Guardian 也将他们称作“独立音乐的未来”。而因为音乐上与 Blur、the Stone Roses 的相似，造型上偶尔也很 Beatles，于是又有了“英伦摇滚重现”一说。可与其说他们执迷于复古，不如说他们醉心于未来，他们不在乎什么英伦传统，他们只想定义下一个十年的独立潮流。</span></p><p><br></p><p style='text-align: justify;'><span style='font-family: 宋体, SimSun; font-size: 14px;'>Peace 已经定义了所谓的“B-Town”运动。</span></p><p><br></p><p style='text-align: justify;'><span style='font-family: 宋体, SimSun; font-size: 14px;'>英国城市伯明翰的独立音乐场景在2012-2013年间变得颇为瞩目，正是像 Peace、Swim Deep、Jaws 这样多元而茁壮的新生乐队，向人们证明了吉他仍然是一件值得探索和充满潜力的乐器。</span></p><p><br></p><p style='text-align: justify;'><span style='font-family: 宋体, SimSun; font-size: 14px;'>乐队于2012年发行了首张 EP《Delicious》，包含了极受欢迎的单曲“California Daze”，2013年首张录音室专辑《In Love》则杀进了英国榜单的前二十，也获得了当年的BBC年度之声提名，他们正一步一步为更大的舞台做着准备。</span></p><p><br></p><p style='text-align: justify;'><span style='font-family: 宋体, SimSun; font-size: 14px;'>2014年九月，Peace 给 The Libertines 的重组演出进行暖场，当年的 Reading &amp; Leeds 音乐节则是他们参加过的最大演出，那一年，Peace 与 Arctic Monkeys、The Hives 和 Foster the People 共享了音乐节的主舞台。</span></p><p><br></p><p style='text-align: justify;'><span style='font-family: 宋体, SimSun; font-size: 14px;'>2015年第二张专辑《Happy People》发行并登上英国流行榜第十二位之后，他们没有选择趁热打铁，草草推出续集。乐队消失了两年，他们前往英国赫里福德郡的农场，重新审视了这几年的经历，并着手展开新的创作。其他成员来来去去，主唱 Harry 在那里一呆就是整整六个月，森林里的风吹进了 Harry 的身体里，他的歌词也开始模糊现实与幻想的边界。</span></p><p><br></p><p style='text-align: justify;'><span style='font-family: 宋体, SimSun; font-size: 14px;'>终于在2018年，Peace 和夏天一起回来了。</span></p><p><br></p><p style='text-align: justify;'><span style='font-family: 宋体, SimSun; font-size: 14px;'>没有这段“净化”或者“升华”的时期，也不会有《Kindness Is The New Rock And Roll》那无比明亮、壮阔的气质，Peace 的音乐光谱没有变，只是每一段都调高了亮度。乐队真的开始像他们的名字一样，成为善意与和平的化身。Peace 标志性的高傲气质与悦耳旋律在这张专辑里依然瞩目，Harry 说“如果你活在2018年，这是张明亮的，能拉你一把的专辑”。</span></p><p><br></p><p style='text-align: justify;'><span style='font-family: 宋体, SimSun; font-size: 14px;'>Peace 还为专辑中的“You Don't Walk Away From Love”拍摄了mv，它的构思与拍摄受到韦斯·安德森启发，并借此向他的代表作《天才一族》致敬。Peace 想用饱满色彩对人和情绪的影响，来呈现身在爱中的感觉。</span></p><p><br></p><p style='text-align: justify;'><span style='font-family: 宋体, SimSun; font-size: 14px;'>Harry 毫不掩饰自己对这支mv的喜爱：“如果这段视频都是错的，那我再也不想要什么正确了。它提醒我在肮脏、分裂和丑陋之外，这世上还剩下一些真正美好的东西。”</span></p><p><br></p><p style='text-align: justify;'><span style='font-family: 宋体, SimSun; font-size: 14px;'>和平、爱意，Peace 总是钟情于从渺小中发现伟大，或许，这正是嬉皮精神在今天的最高体现。在这个流量明星统治播单的时代，做一个嬉皮士还可能吗？Peace 乐队就是一个肯定的回答。</span></p><p><br></p><p><br></p><p><br></p><p><strong><span style='font-family: 宋体, SimSun; font-size: 14px;'>购票须知</span></strong></p><p><strong><span style='font-family: 宋体, SimSun; font-size: 14px;'>1.本场演出不支持退换票，如无法正常观看，还请自行处理，给您带来不便敬请谅解；</span></strong></p><p><strong><span style='font-family: 宋体, SimSun; font-size: 14px;'>2.本场演出凭电子票二维码核验入场，无实体票，场地内不设座位，均为站席观演；</span></strong></p><p><strong><span style='font-family: 宋体, SimSun; font-size: 14px;'>3.请勿发布任何形式的转票信息。</span></strong></p><p><br></p>"),
    (NULL,"独家群聊【秀动呈献】X.Tina “未知数”2019巡演 上海站","<p style='text-align: left;'><strong style='text-align: justify;'><span style='font-family: 宋体;letter-spacing: 0;font-size: 14px'>参演艺人：X.Tina</span></strong></p><p style='margin-top:0;margin-right:0;margin-bottom:0;margin-left:0;text-indent:0;padding:0 0 0 0 ;text-align:justify;text-justify:inter-ideograph'><strong><span style='font-family: 宋体;letter-spacing: 0;font-size: 14px'><span style='font-family:宋体'>演出场地：上海 LOFAS</span></span></strong></p><p style='text-align: left;'><span style='font-family: 宋体, SimSun; font-size: 14px;'><br></span></p><p style='text-align: left;'><span style='font-family: 宋体, SimSun; font-size: 14px;'><br></span></p><p style='text-align: left;'><span style='font-family: 宋体, SimSun; font-size: 14px;'>“你敢承认自己是个软弱的人吗？我想告诉你的是，曾经我也不敢。”——X.Tina《Go Psycho!》自述</span></p><p style='text-align: left;'><span style='font-family: 宋体, SimSun; font-size: 14px;'><br></span></p><p style='text-align: left;'><span style='font-family: 宋体, SimSun; font-size: 14px;'><img src='https://s2.showstart.com/img/2019/20190314/e9a7270e35e74d07b3a153b3be2f2f1c_1701_2551_2096699.0x0.jpg?imageMogr2/thumbnail/640x/gravity/Center/crop/640x' title='/img/2019/20190314/e9a7270e35e74d07b3a153b3be2f2f1c_1701_2551_2096699.0x0.jpg' alt=''></span></p><p style='text-align: left;'><span style='font-family: 宋体, SimSun; font-size: 14px;'><br></span></p><p style='text-align: left;'><span style='font-family: 宋体, SimSun; font-size: 14px;'>在经历2017年的Livehouse嘉宾，到2018年的体育馆巡演嘉宾后，我对自己说：“我是软弱过，但我也没在怕的，是时候拥有自己的舞台了，不是吗？”于是我带着很多的“未知数”开启了人生的第一次全国巡演。</span></p><p style='text-align: left;'><span style='font-family: 宋体, SimSun; font-size: 14px;'><br></span></p><p style='text-align: left;'><span style='font-family: 宋体, SimSun; font-size: 14px;'><img src='https://s2.showstart.com/img/2019/20190314/b4b5f29a4344465fb42e3acb5072690d_2747_1831_206816.0x0.jpg?imageMogr2/thumbnail/640x/gravity/Center/crop/640x' title='/img/2019/20190314/b4b5f29a4344465fb42e3acb5072690d_2747_1831_206816.0x0.jpg' alt=''></span></p><p style='text-align: left;'><span style='font-family: 宋体, SimSun; font-size: 14px;'><br></span></p><p style='text-align: left;'><span style='font-family: 宋体, SimSun; font-size: 14px;'>9个城市，南京、上海、杭州、郑州、长沙、西安、成都、重庆、厦门。</span></p><p style='text-align: left;'><span style='font-family: 宋体, SimSun; font-size: 14px;'><br></span></p><p style='text-align: left;'><span style='font-family: 宋体, SimSun; font-size: 14px;'><img src='https://s2.showstart.com/img/2019/20190314/a4ec0e95cc5a40eba8d9d9046908f06b_2093_1494_1338335.0x0.jpg?imageMogr2/thumbnail/640x/gravity/Center/crop/640x' title='/img/2019/20190314/a4ec0e95cc5a40eba8d9d9046908f06b_2093_1494_1338335.0x0.jpg' alt=''></span></p><p style='text-align: left;'><span style='font-family: 宋体, SimSun; font-size: 14px;'><br></span></p><p style='text-align: left;'><span style='font-family: 宋体, SimSun; font-size: 14px;'>最起初，我觉得未知数就是你们，我无法知道每个听众的名字，我也不知道你们当中的谁会来我第一次巡演的现场，我想着，也许这一次的面对面，我可以把你们都变成我的已知数，收进我的记忆里。</span></p><p style='text-align: left;'><span style='font-family: 宋体, SimSun; font-size: 14px;'><br></span></p><p style='text-align: left;'><span style='font-family: 宋体, SimSun; font-size: 14px;'><img src='https://s2.showstart.com/img/2019/20190314/b010b2b24cc24b2a8d22409a9e9d8cf3_2800_1866_422712.0x0.jpg?imageMogr2/thumbnail/640x/gravity/Center/crop/640x' title='/img/2019/20190314/b010b2b24cc24b2a8d22409a9e9d8cf3_2800_1866_422712.0x0.jpg' alt=''></span></p><p style='text-align: left;'><span style='font-family: 宋体, SimSun; font-size: 14px;'><br></span></p><p style='text-align: left;'><span style='font-family: 宋体, SimSun; font-size: 14px;'>可慢慢的我发现其实这个未知数是我自己，迷茫感在最近这一段时间一直在我身边蔓延，有些许的手足无措。在消化过大量的孤独和焦虑以后，我只觉得“收获的愉悦远大过心酸”。所以，我也不在乎自己是软弱还是坚硬，我把全部的自己剖开来给自己看，也给你看。</span></p><p style='text-align: left;'><span style='font-family: 宋体, SimSun; font-size: 14px;'><br></span></p><p style='text-align: left;'><span style='font-family: 宋体, SimSun; font-size: 14px;'><img src='https://s2.showstart.com/img/2019/20190314/1f8712063c7d490ca429353de61d567a_1620_1079_104683.0x0.jpg?imageMogr2/thumbnail/640x/gravity/Center/crop/640x' title='/img/2019/20190314/1f8712063c7d490ca429353de61d567a_1620_1079_104683.0x0.jpg' alt=''></span></p><p style='text-align: left;'><span style='font-family: 宋体, SimSun; font-size: 14px;'><br></span></p><p style='text-align: left;'><span style='font-family: 宋体, SimSun; font-size: 14px;'>X=未知数，X=Tina！</span></p><p style='text-align: left;'><br></p><p style='text-align: left;'><img src='https://s2.showstart.com/img/2019/20190314/d8baee339e134bcba172665fd4f14158_2800_1866_241006.0x0.jpg?imageMogr2/thumbnail/640x/gravity/Center/crop/640x' title='/img/2019/20190314/d8baee339e134bcba172665fd4f14158_2800_1866_241006.0x0.jpg' alt=''></p><p style='text-align: left;'><br></p><p style='text-align: left;'><span style='font-family: 宋体, SimSun; font-size: 14px;'>巡演日程：</span></p><p style='text-align: left;'><span style='font-family: 宋体, SimSun; font-size: 14px;'>2019年6月6日 星期四 南京 欧拉艺术空间</span></p><p style='text-align: left;'><span style='font-family: 宋体, SimSun; font-size: 14px;'>2019年6月7日 星期五 上海 LOFAS</span></p><p style='text-align: left;'><span style='font-family: 宋体, SimSun; font-size: 14px;'>2019年6月8日 星期六 杭州 MAO Livehouse</span></p><p style='text-align: left;'><span style='font-family: 宋体, SimSun; font-size: 14px;'>2019年6月14日 星期五 郑州 7Livehouse</span></p><p style='text-align: left;'><span style='font-family: 宋体, SimSun; font-size: 14px;'>2019年6月15日 星期六 长沙 46Livehouse</span></p><p style='text-align: left;'><span style='font-family: 宋体, SimSun; font-size: 14px;'>2019年6月16日 星期日 西安 1935Livehouse</span></p><p style='text-align: left;'><span style='font-family: 宋体, SimSun; font-size: 14px;'>2019年6月19日 星期三 成都 NU SPACE</span></p><p style='text-align: left;'><span style='font-family: 宋体, SimSun; font-size: 14px;'>2019年6月21日 星期五 重庆 坚果Livehouse</span></p><p style='text-align: left;'><span style='font-family: 宋体, SimSun; font-size: 14px;'>2019年6月22日 星期六 厦门 RealLive</span></p><p><br></p><p><br></p><p><strong><span style='font-family: 宋体;font-size: 14px'><span style='font-family:宋体'>购票须知</span></span></strong></p><p><strong><span style='font-family: 宋体;font-size: 14px'>1.本场演出不支持退换票，如无法正常观看，还请自行处理，给您带来不便敬请谅解；</span></strong></p><p><strong><span style='font-family: 宋体;font-size: 14px'>2.本场演出凭电子票二维码核验入场，无实体票，场地内不设座位，均为站席观演；</span></strong></p><p><strong><span style='font-family: 宋体;font-size: 14px'>3.秀动网严禁发布任何形式的转票、求票及个人联系信息，秀动网有权取消违规者订单、留言（情节严重的将进行禁言直至账户冻结处罚）。</span></strong></p>"),
    (NULL,"话剧《高级动物》","<p style='margin: 0px; text-indent: 0px; padding: 0px; text-align: left;'><span style='font-family: 宋体, SimSun; font-size: 14px;'><strong><span style='font-family: 宋体, SimSun; letter-spacing: 0px;'>参演艺人：初相遇剧社</span></strong></span></p><p style='margin: 0px; text-indent: 0px; padding: 0px; text-align: left;'><span style='font-family: 宋体, SimSun; font-size: 14px;'><strong><span style='letter-spacing: 0px; font-size: 14px; font-family: 宋体;'>演出场地：重庆 VOX LIVEHOUSE</span></strong></span></p><p><br></p><p><br></p><p style='text-align: left;'><span style='font-family: 宋体, SimSun; font-size: 14px;'>一个神秘的来客出现啦，众多围观者将信将疑，各种想象疯狂的展开，太多搞笑太多误会就这样开始啦！ 情节**的喜剧，让你笑翻全场，在结尾又深深进入其中感慨。</span></p><p><br></p><p style='text-align: left;'><img src='https://s2.showstart.com/img/2019/20190601/2e3485904d2a4399980fbcd891bba688_1778_1032_452510.0x0.jpg?imageMogr2/thumbnail/640x/gravity/Center/crop/640x' title='/img/2019/20190601/2e3485904d2a4399980fbcd891bba688_1778_1032_452510.0x0.jpg' alt=''></p><p style='text-align: left;'><br></p><p style='text-align: left;'><span style='font-family: 宋体, SimSun; font-size: 14px;'>我们是北京崛起的演出团体，专注于话剧演出。五年多以来，已经奇迹般的演出接近六百场，并且场场爆满，经常有观众自愿站着把戏看完，津津有味赞不绝口。看他们的戏，不后悔。今年开始**巡演，以强烈的喜剧风格引起观众巨大欢迎。</span></p><p style='text-align: left;'><span style='font-family: 宋体, SimSun; font-size: 14px;'><br></span></p><p style='text-align: left;'><img src='https://s2.showstart.com/img/2019/20190601/7f965beb56aa4964b0e4b2addf5429dd_902_1218_424312.0x0.jpg?imageMogr2/thumbnail/640x/gravity/Center/crop/640x' title='/img/2019/20190601/7f965beb56aa4964b0e4b2addf5429dd_902_1218_424312.0x0.jpg' alt=''></p><p><br></p><p style='text-align: left;'><span style='font-family: 宋体, SimSun; font-size: 14px;'>三大必看亮点：</span></p><p style='text-align: left;'><span style='font-family: 宋体, SimSun; font-size: 14px;'>&nbsp;</span></p><p style='text-align: left;'><span style='font-family: 宋体, SimSun; font-size: 14px;'>★北京经典话剧 **巡演&nbsp;</span></p><p style='text-align: left;'><span style='font-family: 宋体, SimSun; font-size: 14px;'>★爆笑90分钟</span></p><p style='text-align: left;'><span style='font-family: 宋体, SimSun; font-size: 14px;'>★剧情全场紧张，表演张力**！</span></p><p style='text-align: left;'><span style='font-family: 宋体, SimSun; font-size: 14px;'>★很好很好的演员简简单单的介绍：</span></p><p style='text-align: left;'><span style='font-family: 宋体, SimSun; font-size: 14px;'>&nbsp;</span></p><p style='text-align: left;'><span style='font-family: 宋体, SimSun; font-size: 14px;'>王楚：</span></p><p style='text-align: left;'><span style='font-family: 宋体, SimSun; font-size: 14px;'><br></span></p><p style='text-align: left;'><img src='https://s2.showstart.com/img/2019/20190601/dc0811d683974d84a5b2ca24305d0d1e_866_1280_47052.0x0.jpg?imageMogr2/thumbnail/640x/gravity/Center/crop/640x' title='/img/2019/20190601/dc0811d683974d84a5b2ca24305d0d1e_866_1280_47052.0x0.jpg' alt=''></p><p style='text-align: left;'><span style='font-family: 宋体, SimSun; font-size: 14px;'>&nbsp;</span></p><p style='text-align: left;'><span style='font-family: 宋体, SimSun; font-size: 14px;'>所有的男人看见她都会有惊艳的感觉，一个瘦瘦白白的女生，身体里却蕴含着惊人的力量，她在舞台上的每一个动作都会让人感觉到女性的美，也能让人感觉到一个痛苦的灵魂，发自内心。2016年获百合奖影后提名后，依然经常放弃影视剧组的高片酬回归到剧场里，只为大家的每一次笑声。</span></p><p><br></p><p style='text-align: left;'><span style='font-family: 宋体, SimSun; font-size: 14px;'>李青柯</span></p><p style='text-align: left;'><span style='font-family: 宋体, SimSun; font-size: 14px;'><br></span></p><p style='text-align: left;'><img src='https://s2.showstart.com/img/2019/20190601/27e66bc67a054caead9cf4e9eee3e261_6144_4096_938943.0x0.jpg?imageMogr2/thumbnail/640x/gravity/Center/crop/640x' title='/img/2019/20190601/27e66bc67a054caead9cf4e9eee3e261_6144_4096_938943.0x0.jpg' alt=''><span style='font-family: 宋体, SimSun; font-size: 14px;'>&nbsp;</span></p><p style='text-align: left;'><span style='font-family: 宋体, SimSun; font-size: 14px;'>**的青年男演员，**戏剧界升起的一颗新星，他的表演是松弛的，天马行空的，不拘一格的。有一句话形容他一点也不为过：文能提笔做诗集，武能上台演话剧，进能卖萌装正太，退能硬汉零零七。</span></p><p><br></p><p style='text-align: left;'><span style='font-family: 宋体, SimSun; font-size: 14px;'>话剧亮点</span></p><p style='text-align: left;'><span style='font-family: 宋体, SimSun; font-size: 14px;'>&nbsp;</span></p><p style='text-align: left;'><span style='font-family: 宋体, SimSun; font-size: 14px;'>★ 依旧全场的笑声与感动。初相遇剧社颠覆以前的角色，创造令你惊喜的感觉！</span></p><p style='text-align: left;'><span style='font-family: 宋体, SimSun; font-size: 14px;'>★他将如何面对自己的爱情，又将如何与两个歹徒周旋？剧情很刺激，结局很震撼。</span></p><p style='text-align: left;'><span style='font-family: 宋体, SimSun; font-size: 14px;'>★ 出色的演员。男演员不惜成本女演员精挑细选。</span></p><p style='text-align: left;'><span style='font-family: 宋体, SimSun; font-size: 14px;'>★ 求笑声，但是拒绝恶搞与廉价。我们需要真正的笑声，话剧不都是恶搞，我们要让你看到真正的笑声，更要让你看到真正的感动。</span></p><p><br></p><p style='text-align: left;'><img src='https://s2.showstart.com/img/2019/20190601/f3a8a55098fb46ea9e224a06fb7159b8_1712_966_127249.0x0.jpg?imageMogr2/thumbnail/640x/gravity/Center/crop/640x' title='/img/2019/20190601/f3a8a55098fb46ea9e224a06fb7159b8_1712_966_127249.0x0.jpg' alt=''></p><p><br></p><p style='text-align: left;'><span style='font-family: 宋体, SimSun; font-size: 14px;'>观众评论：</span></p><p style='text-align: left;'><span style='font-family: 宋体, SimSun; font-size: 14px;'>&nbsp;</span></p><p style='text-align: left;'><span style='font-family: 宋体, SimSun; font-size: 14px;'>肖乐乐（职员）：《高级动物》这部话剧，真的是超级搞笑，但是欢笑过后其实是有点细思极恐的，你身处的到底是一个怎样的世界，你真的了解吗……哪怕是你亲眼见到的，都未必是真实的。而你自己又有多少不想被人看到的秘密呢？如果你心中所有的**都公布于众，你还敢像从前那么正大光明的活着吗？</span></p><p style='text-align: left;'><span style='font-family: 宋体, SimSun; font-size: 14px;'>&nbsp;</span></p><p style='text-align: left;'><span style='font-family: 宋体, SimSun; font-size: 14px;'>姚乐（电台主持人）：这是一个典型的脱离现实展开想象的故事，故事节奏紧凑，情节一环套一环，中间包袱不断，惊奇不断。</span></p><p style='text-align: left;'><span style='font-family: 宋体, SimSun; font-size: 14px;'>&nbsp;</span></p><p style='text-align: left;'><span style='font-family: 宋体, SimSun; font-size: 14px;'>万西西（自由插花师）：过瘾！过瘾！过瘾！这部话剧期待已久，看过以后也毫不失望！一个外星来客，我哈哈哈，结果真的是**出乎意料，整个人被剧中人物带入到现场中， 哈哈哈，里面每个人的表演也很丰富，包袱不断，一边开心大笑一边担心接下来的情况，真是一部好玩有好看的戏。</span></p><p style='text-align: left;'><span style='font-family: 宋体, SimSun; font-size: 14px;'>&nbsp;</span></p><p style='text-align: left;'><span style='font-family: 宋体, SimSun; font-size: 14px;'>康蔷（大三学生）：又是初相遇剧社原班人马的戏，特别喜欢他们的话剧，这次依然没让我失望！</span></p><p style='text-align: left;'><span style='font-family: 宋体, SimSun; font-size: 14px;'>&nbsp;</span></p><p style='text-align: left;'><span style='font-family: 宋体, SimSun; font-size: 14px;'>崔紫轩（演员 模特）：《高级动物》 看得我喘不过气来，开始是笑的，后来是吓的，不说了，再说就剧透啦。这也太刺激了</span></p><p><br></p><p style='text-align: left;'><span style='font-family: 宋体, SimSun; font-size: 14px;'>&nbsp;</span><img src='https://s2.showstart.com/img/2019/20190601/b247d87e1ce04b8b8e31fb24f23e9553_1290_850_101017.0x0.jpg?imageMogr2/thumbnail/640x/gravity/Center/crop/640x' title='/img/2019/20190601/b247d87e1ce04b8b8e31fb24f23e9553_1290_850_101017.0x0.jpg' alt=''></p><p style='text-align: left;'><span style='font-family: 宋体, SimSun; font-size: 14px;'>&nbsp;</span></p><p style='text-align: left;'><strong><span style='font-family: 宋体, SimSun; font-size: 14px;'>&nbsp;</span></strong></p><p><strong><span style='font-family: 宋体, SimSun; font-size: 14px;'>购票须知</span></strong></p><p><strong><span style='font-family: 宋体, SimSun; font-size: 14px;'>1.本场演出不支持退换票，如无法正常观看，还请自行处理，给您带来不便敬请谅解；</span></strong></p><p><strong><span style='font-family: 宋体, SimSun; font-size: 14px;'>2.本场演出凭电子票二维码核验入场，无实体票，本场演出设坐席；</span></strong></p><p><strong><span style='font-family: 宋体, SimSun; font-size: 14px;'>3.请勿发布任何形式的转票信息。</span></strong></p><p><br></p>"),
    (NULL,"曹方《面包会有的》2019轻旅行巡演 重庆站","<p style='text-align: left;'><strong><span style='font-size: 14px; font-family: 宋体, SimSun;'>演出艺人：曹方</span></strong></p><p style='text-align: left;'><strong><span style='font-size: 14px; font-family: 宋体, SimSun;'>演出场地：重庆 坚果（NUTS）LiveHouse</span></strong></p><p><br></p><p style='text-align: left;'><img src='https://s2.showstart.com/img/2019/20190508/d2d91762715347b5b3cfb33a7d7c7524_690_950_1389691.0x0.jpg?imageMogr2/thumbnail/640x/gravity/Center/crop/640x' title='/img/2019/20190508/d2d91762715347b5b3cfb33a7d7c7524_690_950_1389691.0x0.jpg'></p><p><br></p><p style='text-align: left;'><span style='font-size: 14px; font-family: 宋体, SimSun;'>关于“2019 面包会有的” 轻旅行小巡演</span></p><p style='text-align: left;'><span style='font-size: 14px; font-family: 宋体, SimSun;'>icy的一些想法</span></p><p style='text-align: left;'><span style='font-size: 14px; font-family: 宋体, SimSun;'>&nbsp;</span></p><p style='text-align: left;'><span style='font-size: 14px; font-family: 宋体, SimSun;'>今年的我想做这么一件事，一件让自己开心的小事。面对面，在小小的live house里，把想唱的歌拿出来排个序， 回归到原声乐器氛围里，唱歌给你听。</span></p><p style='text-align: left;'><span style='font-size: 14px; font-family: 宋体, SimSun;'>&nbsp;</span></p><p style='text-align: left;'><span style='font-size: 14px; font-family: 宋体, SimSun;'>我想影响更多的人，更多愿意为一件小事而努力，本本分分就赢得面包与尊重的人。</span></p><p style='text-align: left;'><span style='font-size: 14px; font-family: 宋体, SimSun;'>&nbsp;</span></p><p style='text-align: left;'><span style='font-size: 14px; font-family: 宋体, SimSun;'>与这样的人共勉：面包，会有的。</span></p><p style='text-align: left;'><span style='font-size: 14px; font-family: 宋体, SimSun;'>&nbsp;</span></p><p style='text-align: left;'><span style='font-size: 14px; font-family: 宋体, SimSun;'>&nbsp;</span></p><p style='text-align: left;'><span style='font-size: 14px; font-family: 宋体, SimSun;'>曹方2019“面包会有的” 轻旅行小巡演春季启动！</span></p><p style='text-align: left;'><span style='font-size: 14px; font-family: 宋体, SimSun;'>带着对音乐和生活的热爱，</span></p><p style='text-align: left;'><span style='font-size: 14px; font-family: 宋体, SimSun;'>始终坚信“面包会有的”，</span></p><p style='text-align: left;'><span style='font-size: 14px; font-family: 宋体, SimSun;'>从春天出发，</span></p><p style='text-align: left;'><span style='font-size: 14px; font-family: 宋体, SimSun;'>从南国出发，</span></p><p style='text-align: left;'><span style='font-size: 14px; font-family: 宋体, SimSun;'>去往更远方，回归质感声音本身，</span></p><p style='text-align: left;'><span style='font-size: 14px; font-family: 宋体, SimSun;'>呈现最真实的“在路上”巡演生活。</span></p><p style='text-align: left;'><span style='font-size: 14px; font-family: 宋体, SimSun;'>这一次曹方将去往更多城市，</span></p><p style='text-align: left;'><span style='font-size: 14px; font-family: 宋体, SimSun;'>面对面，唱歌给你听。</span></p><p style='text-align: left;'><span style='font-size: 14px; font-family: 宋体, SimSun;'>只为一场欢聚。</span></p><p style='text-align: left;'><span style='font-size: 14px; font-family: 宋体, SimSun;'>&nbsp;</span></p><p style='text-align: left;'><span style='font-size: 14px; font-family: 宋体, SimSun;'>“icy与轻旅行小乐队”：</span></p><p style='text-align: left;'><span style='font-size: 14px; font-family: 宋体, SimSun;'>主唱／曹方</span></p><p style='text-align: left;'><span style='font-size: 14px; font-family: 宋体, SimSun;'>木吉他／王晓东</span></p><p style='text-align: left;'><span style='font-size: 14px; font-family: 宋体, SimSun;'>钢琴／刘圣华</span></p><p style='text-align: left;'><span style='font-size: 14px; font-family: 宋体, SimSun;'>打击乐／孙震宇</span></p><p style='text-align: left;'><span style='font-size: 14px; font-family: 宋体, SimSun;'>&nbsp;</span></p><p><br></p><p style='text-align: left;'><span style='font-size: 14px; font-family: 宋体, SimSun;'>巡演场次：</span></p><p style='text-align: left;'><span style='font-size: 14px; font-family: 宋体, SimSun;'>4/20&nbsp;周六 昆明 MODERNSKY LAB</span></p><p style='text-align: left;'><span style='font-size: 14px; font-family: 宋体, SimSun;'>4/24&nbsp;周三 南宁 候朋现场</span></p><p style='text-align: left;'><span style='font-size: 14px; font-family: 宋体, SimSun;'>4/26&nbsp;周五 广州 TU凸空间</span></p><p style='text-align: left;'><span style='font-size: 14px; font-family: 宋体, SimSun;'>4/28&nbsp;周日 深圳 HOU LIVE</span></p><p style='text-align: left;'><span style='font-size: 14px; font-family: 宋体, SimSun;'>5/1 &nbsp;周三 珠海 乐坊livehouse</span></p><p style='text-align: left;'><span style='font-size: 14px; font-family: 宋体, SimSun;'>5/8&nbsp; 周三 厦门 星巢越中心</span></p><p style='text-align: left;'><span style='font-size: 14px; font-family: 宋体, SimSun;'>5/10&nbsp;周五 福州 MAKER LIVE</span></p><p style='text-align: left;'><span style='font-size: 14px; font-family: 宋体, SimSun;'>5/12&nbsp;周日 宁波 灯塔音乐现场</span></p><p style='text-align: left;'><span style='font-size: 14px; font-family: 宋体, SimSun;'>5/15&nbsp;周三 杭州 酒球会&nbsp;</span></p><p style='text-align: left;'><span style='font-size: 14px; font-family: 宋体, SimSun;'>5/18&nbsp;周五 上海 万代南梦宫.梦想剧场（原浅水湾1层）</span></p><p style='text-align: left;'><span style='font-size: 14px; font-family: 宋体, SimSun;'>5/19&nbsp;周日 苏州 WAVE LIVEHOUSE</span></p><p style='text-align: left;'><span style='font-size: 14px; font-family: 宋体, SimSun;'>5/22&nbsp;周三 南京 欧拉LIVEHOUSE</span></p><p style='text-align: left;'><span style='font-size: 14px; font-family: 宋体, SimSun;'>5/24&nbsp;周五 无锡 寅派动力</span></p><p style='text-align: left;'><span style='font-size: 14px; font-family: 宋体, SimSun;'>5/26&nbsp;周日 武汉 VOX (14:30-16:00)</span></p><p style='text-align: left;'><span style='font-size: 14px; font-family: 宋体, SimSun;'>5/29&nbsp;周三 长沙 VOX</span></p><p style='text-align: left;'><span style='font-size: 14px; font-family: 宋体, SimSun;'>5/31&nbsp;周五 成都 小酒馆（万象城店）</span></p><p style='text-align: left;'><span style='font-size: 14px; font-family: 宋体, SimSun;'>6/7&nbsp; 周五 重庆 坚果俱乐部</span></p><p style='text-align: left;'><span style='font-size: 14px; font-family: 宋体, SimSun;'>6/9&nbsp; 周日 西安 MAO LIVEHOUSE</span></p><p style='text-align: left;'><span style='font-size: 14px; font-family: 宋体, SimSun;'>6/12&nbsp;周三 郑州 柒 LIVEHOUSE</span></p><p style='text-align: left;'><span style='font-size: 14px; font-family: 宋体, SimSun;'>6/16&nbsp;周日 北京 疆进酒</span></p><p style='text-align: left;'><span style='font-size: 14px; font-family: 宋体, SimSun;'>&nbsp;</span></p><p style='text-align: left;'><span style='font-size: 14px; font-family: 宋体, SimSun;'>演出时间均为20:30-22:00（武汉演出时间14:30-16:00）</span></p><p style='text-align: left;'><span style='font-size: 14px; font-family: 宋体, SimSun;'>请至少提前半小时前往场地兑换票/检票</span></p><p style='text-align: left;'><span style='font-size: 14px; font-family: 宋体, SimSun;'><br></span></p><p style='text-align: left;'><span style='font-size: 14px; font-family: 宋体, SimSun;'><br></span></p><p style='text-align: left;'><span style='font-size: 14px; font-family: 宋体, SimSun;'><br></span></p><p style='text-align: left;'><span style='font-size: 14px; font-family: 宋体, SimSun;'><br></span></p><p style='text-align: left;'><span style='font-size: 14px; font-family: 宋体, SimSun;'></span></p><p><strong><span style='font-family: 宋体;font-size: 14px'><span style='font-family:宋体'>购票须知</span></span></strong></p><p><strong><span style='font-family: 宋体;font-size: 14px'>1.本场演出不支持退换票，如无法正常观看，还请自行处理，给您带来不便敬请谅解；</span></strong></p><p><strong><span style='font-family: 宋体;font-size: 14px'>2.本场演出凭电子票二维码核验入场，无实体票，场地内不设座位，均为站席观演；</span></strong></p><p><strong><span style='font-family: 宋体;font-size: 14px'>3.秀动网严禁发布任何形式的转票、求票及个人联系信息，秀动网有权取消违规者订单、留言（情节严重的将进行禁言直至账户冻结处罚）。</span></strong></p><p style='text-align: left;'><span style='font-size: 14px; font-family: 宋体, SimSun;'><br></span><br></p><p><br></p>"),
    (NULL,"独家群聊【秀动呈献】「何止浮生」刘莱斯2019新专辑巡演 郑州站","<p><strong><span style='font-family: 宋体, SimSun; font-size: 14px;'>参演艺人：刘莱斯</span></strong></p><p><strong><span style='font-family: 宋体, SimSun; font-size: 14px;'>演出场地：郑州&nbsp;7LIVEHOUSE（新通桥店）</span></strong></p><p><br></p><p><br></p><p><br></p><p><span style='font-family: 宋体, SimSun; font-size: 14px;'>关于“何止浮生”</span></p><p><span style='font-family: 宋体, SimSun; font-size: 14px;'>&nbsp;</span></p><p><span style='font-family: 宋体, SimSun; font-size: 14px;'>大家好，我是莱斯，可能还有不是很熟悉的朋友，所以还是给大家介绍一下自己，刘莱斯呢是一个南京的唱歌还算过得去的男孩子，26岁，正是拼命工作的年纪。</span></p><p><span style='font-family: 宋体, SimSun; font-size: 14px;'>&nbsp;</span></p><p><span style='font-family: 宋体, SimSun; font-size: 14px;'>乙亥猪年，依然是劳动佳节，依然是夏至未至启程巡演，经过23个城市，依然希望还算过得去的歌声和还算过得去的歌里的故事和想法能给大家带去一丝清凉，保持到夏天结束，预备一份温暖，等到来年冬天。</span></p><p><span style='font-family: 宋体, SimSun; font-size: 14px;'>&nbsp;</span></p><p><span style='font-family: 宋体, SimSun; font-size: 14px;'>“何止浮生”，就是很浅显的字面意思，莱斯何止《浮生》这一首歌呢，对吧。同时呢，我也想大家喜欢的也是“何止浮生”</span></p><p><span style='font-family: 宋体, SimSun; font-size: 14px;'>&nbsp;</span></p><p><span style='font-family: 宋体, SimSun; font-size: 14px;'>在巡演出发之前呢新专辑将会制作完成，和去年有所不一样的是，今年专辑里的新歌并不是全部都已经发行的，所以这次来看演出的同学会有很棒的一个体验 ———— 就是可以在现场听到抢先版，但是具体几首歌什么风格类型不能告诉大家，我只能说我自己很满意，也很好听，所以要竖起耳朵，仔细的听清楚哦，然后等这几首歌在平台上发行的时候，你就可以骄傲的在下面评论“我5月份在现场就听过了”。为什么我自己会有一种恶作剧成功的小恶魔一样的快乐呢。</span></p><p><span style='font-family: 宋体, SimSun; font-size: 14px;'>&nbsp;</span></p><p><span style='font-family: 宋体, SimSun; font-size: 14px;'>今年呢，依然还是和去年一样无限的担心票房和演出现场的意外状况，因为收入问题真的很重要，不然饿了肚子哪还有心思唱歌呢，真的希望大家愿意来现场看演出的，有条件来现场看演出的，不影响正常学习工作生活的，就买票来现场看演出吧，有空方便的话呢也帮着多宣传宣传，不过还是我总说的那句话，量力而行，人和人不一样，有多大屁股穿多大裤衩儿，总之不管来不来现场看我的演出，能看到这段文字，我就很感谢了，感谢您能耐着性子，在这儿看我给自己宣传拉票完了还给大家讲道理，我知道女孩子肯定都不喜欢听别人讲道理，男孩子应该也是不喜欢的吧。</span></p><p><span style='font-family: 宋体, SimSun; font-size: 14px;'>&nbsp;</span></p><p><span style='font-family: 宋体, SimSun; font-size: 14px;'>“何止浮生”将会呈现给您不一样的作品，在人员、现场气氛、乐队编排，作品调整等方面都会有和去年比较大的变动，我希望给大家一个比去年更棒的现场因为来年如果不在演出了的话，那这场演出一定得是我现在能做的最好的嘛，不然那该有多遗憾，随时随地觉得明天一觉睡醒就再也没有人知道“刘莱斯”，没有人知道“刘莱斯”，就是我给自己的演出定下的标准，万一今天演完明天的就没得演了呢，所以啊“今天”就得演的超棒超开心，所以有的歌词我会尽力记得的，嗯嗯。</span></p><p><span style='font-family: 宋体, SimSun; font-size: 14px;'>&nbsp;</span></p><p><span style='font-family: 宋体, SimSun; font-size: 14px;'>就说到这吧，具体我们见面说咯，最后给大家分享一下最近很喜欢的一句话“苟日新、日日新、又日新”</span></p><p><span style='font-family: 宋体, SimSun; font-size: 14px;'>&nbsp;</span></p><p><span style='font-family: 宋体, SimSun; font-size: 14px;'>那我们五月见咯~</span></p><p><br></p><p><br></p><p><span style='font-family: 宋体, SimSun; font-size: 14px;'>-刘莱斯<br></span></p><p><span style='font-family: 宋体, SimSun; font-size: 14px;'>2019年2月18日星期一</span></p><p><br></p><p><br></p><p><br></p><p><strong><span style='font-family: 宋体, SimSun; font-size: 14px;'>购票须知</span></strong></p><p><strong><span style='font-family: 宋体, SimSun; font-size: 14px;'>1.本场演出不支持退换票，如无法正常观看，还请自行处理，给您带来不便敬请谅解；</span></strong></p><p><strong><span style='font-family: 宋体, SimSun; font-size: 14px;'>2.本场演出凭电子票二维码核验入场，无实体票，场地内不设座位，均为站席观演；</span></strong></p><p><strong><span style='font-family: 宋体, SimSun; font-size: 14px;'>3.秀动网严禁发布任何形式的转票、求票及个人联系信息，秀动网有权取消违规者订单、留言（情节严重的将进行禁言直至账户冻结处罚）。</span></strong></p><p><br></p>"),
    (NULL,"独家MC光光2019<一生悬命>巡演 杭州站","<p style='text-align: left;'><br></p><p style='text-align: left;'><span style='font-family: 宋体, SimSun; font-size: 14px;'>MC光光2019&lt;一生悬命&gt;全国巡演即将开启，15座城市等你解锁。</span></p><p style='text-align: left;'><span style='font-family: 宋体, SimSun; font-size: 14px;'><br></span></p><p style='text-align: left;'><img src='https://s2.showstart.com/img/2019/20190326/0361032b6adb4d11997364c579c6887b_1200_1600_692965.0x0.jpg?imageMogr2/thumbnail/640x/gravity/Center/crop/640x' title='/img/2019/20190326/0361032b6adb4d11997364c579c6887b_1200_1600_692965.0x0.jpg' alt=''></p><p style='text-align: left;'><span style='font-family: 宋体, SimSun; font-size: 14px;'><br></span></p><p style='text-align: left;'><span style='font-family: 宋体, SimSun; font-size: 14px;'>从未放弃过战斗，也从未离开过这片Neighbourhood。2019年，haters还在窥视着窃窃私语，他们想要看看这个33岁的rapper还能坚持多久。只可惜，haters将再一次失望，因为他依旧是那个不会被打败的MC光光。</span></p><p style='text-align: left;'><span style='font-family: 宋体, SimSun; font-size: 14px;'><br></span></p><p style='text-align: left;'><img src='https://s2.showstart.com/img/2019/20190326/2c60233a88174eefa82ba0caf403f3c1_1000_1688_1672156.0x0.jpg?imageMogr2/thumbnail/640x/gravity/Center/crop/640x' title='/img/2019/20190326/2c60233a88174eefa82ba0caf403f3c1_1000_1688_1672156.0x0.jpg' alt=''></p><p style='text-align: left;'><span style='font-family: 宋体, SimSun; font-size: 14px;'><br></span></p><p style='text-align: left;'><span style='font-family: 宋体, SimSun; font-size: 14px;'>此番光光将携带新碟《一生悬命》，再次开启战斗模式，前往15座城市。而区别与之前两三年的卧室歌路不同，这一次的现场会比以往更加炸裂和迷幻，建议有心脏病史的朋友远离现场。<br></span></p><p style='text-align: left;'><br></p><p style='text-align: left;'><span style='font-family: 宋体, SimSun; font-size: 14px;'><img src='https://s2.showstart.com/img/2019/20190326/d56bb32132b14d2288a48b5a19236725_1000_3355_5250998.0x0.jpg?imageMogr2/thumbnail/640x/gravity/Center/crop/640x' title='/img/2019/20190326/d56bb32132b14d2288a48b5a19236725_1000_3355_5250998.0x0.jpg' alt=''></span></p><p style='text-align: left;'><span style='font-family: 宋体, SimSun; font-size: 14px;'><br></span></p><p style='text-align: left;'><span style='font-family: 宋体, SimSun; font-size: 14px;'></span></p><p><span style='font-family: 宋体, SimSun; font-size: 14px;'>在此附上演出日程以及部分嘉宾阵容</span></p><p><br></p><p><span style='font-family: 宋体, SimSun; font-size: 14px;'>4.12 济南 班卓 Livehouse</span></p><p><span style='font-family: 宋体, SimSun; font-size: 14px;'>Buzzy，王骞Boc</span></p><p><span style='font-family: 宋体, SimSun; font-size: 14px;'>4.13 潍坊 Pluto Club<br></span></p><p><span style='font-family: 宋体, SimSun; font-size: 14px;'>Buzzy</span></p><p><br></p><p><span style='font-family: 宋体, SimSun; font-size: 14px;'>4.30 成都 小酒馆</span></p><p><span style='font-family: 宋体, SimSun; font-size: 14px;'>福克斯，JarStick，PISSY</span></p><p><br></p><p><span style='font-family: 宋体, SimSun; font-size: 14px;'>5.11 西安 光音 Livehouse</span></p><p><span style='font-family: 宋体, SimSun; font-size: 14px;'>NINEONE#，Lil Howcy以及来自西安本土的神秘嘉宾</span></p><p><span style='font-family: 宋体, SimSun; font-size: 14px;'>5.12 郑州 7 Livehouse</span></p><p><span style='font-family: 宋体, SimSun; font-size: 14px;'>西奥Sio，Lil Howcy</span></p><p><br></p><p><span style='font-family: 宋体, SimSun; font-size: 14px;'>5.17 石家庄 红糖俱乐部</span></p><p><span style='font-family: 宋体, SimSun; font-size: 14px;'>Kc，Saber梁维嘉</span></p><p><span style='font-family: 宋体, SimSun; font-size: 14px;'>5.18 天津 Round2 Club</span></p><p><span style='font-family: 宋体, SimSun; font-size: 14px;'>Kc</span></p><p><br></p><p><span style='font-family: 宋体, SimSun; font-size: 14px;'>5.24 武汉 L7 Livehouse</span></p><p><span style='font-family: 宋体, SimSun; font-size: 14px;'>泥鳅，DouDou</span></p><p><br></p><p><span style='font-family: 宋体, SimSun; font-size: 14px;'>5.31 长春 音浪 Livehouse</span></p><p><span style='font-family: 宋体, SimSun; font-size: 14px;'>G.G张思源，kim23</span></p><p><span style='font-family: 宋体, SimSun; font-size: 14px;'>6.1 哈尔滨 理想之上 Livehouse</span></p><p><span style='font-family: 宋体, SimSun; font-size: 14px;'>G.G张思源</span></p><p><span style='font-family: 宋体, SimSun; font-size: 14px;'>6.2 沈阳 理想之上 Livehouse</span></p><p><span style='font-family: 宋体, SimSun; font-size: 14px;'>OB03</span></p><p><br></p><p><span style='font-family: 宋体, SimSun; font-size: 14px;'>6.7 杭州 酒球会</span></p><p><span style='font-family: 宋体, SimSun; font-size: 14px;'>Trouble.Z，Mai</span></p><p><span style='font-family: 宋体, SimSun; font-size: 14px;'>6.8 广州 SD Livehouse</span></p><p><span style='font-family: 宋体, SimSun; font-size: 14px;'>大D(DLyn)，BigYear大年，BustaZun</span></p><p><br></p><p><span style='font-family: 宋体, SimSun; font-size: 14px;'>6.14 北京 Mix Club</span></p><p><span style='font-family: 宋体, SimSun; font-size: 14px;'>龙井孙旭，Saber梁维嘉，辉子</span></p><p><span style='font-family: 宋体, SimSun; font-size: 14px;'>6.15 南京 稻香音乐空间</span></p><p><span style='font-family: 宋体, SimSun; font-size: 14px;'>Free-Out！！</span></p><p><br></p><p style='text-align: left;'><span style='font-family: 宋体, SimSun; font-size: 14px;'>同时我们将在每站预售少量的VIP票，除了可以提前入场之外，每位VIP还将获得此次巡演的限量围巾和《一生悬命》的实体纪念CD。</span></p><p style='text-align: left;'><img src='https://s2.showstart.com/img/2019/20190326/e6d9f7956f8c423c89c3ddc239711d49_3508_1454_795440.0x0.jpg?imageMogr2/thumbnail/640x/gravity/Center/crop/640x' title='/img/2019/20190326/e6d9f7956f8c423c89c3ddc239711d49_3508_1454_795440.0x0.jpg' alt=''></p><p style='text-align: left;'><span style='font-family: 宋体, SimSun; font-size: 14px;'>关于这张专辑————————</span></p><p style='text-align: left;'><span style='font-family: 宋体, SimSun; font-size: 14px;'><br></span></p><p style='text-align: left;'><span style='font-family: 宋体, SimSun; font-size: 14px;'>1.&lt;行尸走肉&gt;</span></p><p style='text-align: left;'><span style='font-family: 宋体, SimSun; font-size: 14px;'>像LeBron一样的战斗输戒指也不能输面子</span></p><p><br></p><p style='text-align: left;'><span style='font-family: 宋体, SimSun; font-size: 14px;'>2.&lt;哪有那么多的时间&gt; Ft.Trouble.Z</span></p><p style='text-align: left;'><span style='font-family: 宋体, SimSun; font-size: 14px;'>hustle everyday是我的生活片段，战无不胜但我真的并不恋战</span></p><p><br></p><p style='text-align: left;'><span style='font-family: 宋体, SimSun; font-size: 14px;'>3.&lt;没理由&gt; Ft.弹壳</span></p><p style='text-align: left;'><span style='font-family: 宋体, SimSun; font-size: 14px;'>Free-Out让你们尖叫</span></p><p style='text-align: left;'><span style='font-family: 宋体, SimSun; font-size: 14px;'>难得高调的低调王</span></p><p style='text-align: left;'><span style='font-family: 宋体, SimSun; font-size: 14px;'>把haters bixxxxs fakers全部送进医药房</span></p><p><br></p><p style='text-align: left;'><span style='font-family: 宋体, SimSun; font-size: 14px;'>4.&lt;senzu bean&gt;</span></p><p style='text-align: left;'><span style='font-family: 宋体, SimSun; font-size: 14px;'>你看看谁还坚守在最初的neighbourhood</span></p><p style='text-align: left;'><span style='font-family: 宋体, SimSun; font-size: 14px;'>去算算你们公关黑我花钱亏的数</span></p><p style='text-align: left;'><span style='font-family: 宋体, SimSun; font-size: 14px;'>只要我在贝吉塔永远都是No.2</span></p><p><br></p><p style='text-align: left;'><span style='font-family: 宋体, SimSun; font-size: 14px;'>5.&lt;swag sxxx&gt; Ft.谢帝</span></p><p style='text-align: left;'><span style='font-family: 宋体, SimSun; font-size: 14px;'>我只怕我定的计划还不够大</span></p><p style='text-align: left;'><span style='font-family: 宋体, SimSun; font-size: 14px;'>让你能看到未来更多货真价实的rapper</span></p><p style='text-align: left;'><span style='font-family: 宋体, SimSun; font-size: 14px;'>做着让你不得不承认这种来自街头的文化</span></p><p><br></p><p style='text-align: left;'><span style='font-family: 宋体, SimSun; font-size: 14px;'>6.&lt;不要链&gt; Ft.Ice Paper</span></p><p style='text-align: left;'><span style='font-family: 宋体, SimSun; font-size: 14px;'>holla at me 我享受自己的舞台</span></p><p style='text-align: left;'><span style='font-family: 宋体, SimSun; font-size: 14px;'>跟风狗听不懂我歌你不要凑过来</span></p><p style='text-align: left;'><span style='font-family: 宋体, SimSun; font-size: 14px;'>反正你有好几种选择像坤坤小可爱</span></p><p style='text-align: left;'><span style='font-family: 宋体, SimSun; font-size: 14px;'>说到中国唯一牛brapper当属吴亦凡</span></p><p><br></p><p style='text-align: left;'><span style='font-family: 宋体, SimSun; font-size: 14px;'>7.&lt;need more haters&gt; Ft.Kozay</span></p><p style='text-align: left;'><span style='font-family: 宋体, SimSun; font-size: 14px;'>那就干脆来做我的haters 我需要更多的haters</span></p><p style='text-align: left;'><span style='font-family: 宋体, SimSun; font-size: 14px;'>看几天节目就自认为超级懂hiphop的无知的haters</span></p><p><br></p><p style='text-align: left;'><span style='font-family: 宋体, SimSun; font-size: 14px;'>8.&lt;worldwide&gt; Ft.Lipstorm</span></p><p style='text-align: left;'><span style='font-family: 宋体, SimSun; font-size: 14px;'>我从来没有忘我来自ghetto</span></p><p style='text-align: left;'><span style='font-family: 宋体, SimSun; font-size: 14px;'>我知道这条路早就没机会回头</span></p><p><br></p><p style='text-align: left;'><span style='font-family: 宋体, SimSun; font-size: 14px;'>9.&lt;狂躁症&gt;</span></p><p style='text-align: left;'><span style='font-family: 宋体, SimSun; font-size: 14px;'>别问我bombap和trap哪个正点</span></p><p style='text-align: left;'><span style='font-family: 宋体, SimSun; font-size: 14px;'>生意做的大的都在wallstreet玩证券</span></p><p><br></p><p style='text-align: left;'><span style='font-family: 宋体, SimSun; font-size: 14px;'>10.&lt;戒指&gt; Ft.Trouble.Z</span></p><p style='text-align: left;'><span style='font-family: 宋体, SimSun; font-size: 14px;'>像巅峰的Kobe会飞</span></p><p style='text-align: left;'><span style='font-family: 宋体, SimSun; font-size: 14px;'>爱我的恨我的扎成一堆</span></p><p style='text-align: left;'><span style='font-family: 宋体, SimSun; font-size: 14px;'>对恨我想害我诅咒我的龌蹉的haters说一句sorry</span></p><p style='text-align: left;'><img src='https://s2.showstart.com/img/2019/20190326/0e0e4ec941344c81902c6c0e192b5830_849_630_767505.0x0.jpg?imageMogr2/thumbnail/640x/gravity/Center/crop/640x' title='/img/2019/20190326/0e0e4ec941344c81902c6c0e192b5830_849_630_767505.0x0.jpg' alt=''></p><p><span style='font-family: 宋体, SimSun; font-size: 14px;'><strong><span style='font-size: 14px; font-family: 宋体;'><br></span></strong></span></p><p><span style='font-family: 宋体, SimSun; font-size: 14px;'><strong><span style='font-size: 14px; font-family: 宋体;'>购票须知</span></strong></span></p><p><span style='font-family: 宋体, SimSun; font-size: 14px;'><strong><span style='font-family: 宋体; font-size: 14px;'>1.本场演出不支持退换票，如无法正常观看，还请自行处理，给您带来不便敬请谅解；</span></strong></span></p><p><span style='font-family: 宋体, SimSun; font-size: 14px;'><strong><span style='font-family: 宋体; font-size: 14px;'>2.本场演出凭电子票二维码核验入场，无实体票，场地内不设座位，均为站席观演；</span></strong></span></p><p><span style='font-family: 宋体, SimSun; font-size: 14px;'><strong><span style='font-family: 宋体; font-size: 14px;'>3.秀动网严禁发布任何形式的转票、求票及个人联系信息，秀动网有权取消违规者订单、留言（情节严重的将进行禁言直至账户冻结处罚）。</span></strong></span></p><p><br></p>"),
    (NULL,"俄罗斯后朋克名团Motorama2019《Many Nights》巡演 北京站","<p><strong><span style='font-size: 14px; font-family: 宋体, SimSun;'>演出艺人：Motorama</span></strong></p><p><strong><span style='font-size: 14px; font-family: 宋体, SimSun;'>演出场地：北京 疆进酒·OMNI SPACE</span></strong></p><p><br></p><p><span style='font-size: 14px; font-family: 宋体, SimSun;'>低沉而又骚动的音符，漂浮在绚烂与沉郁交织的噪音海洋里，仿佛一瞬间“失焦”的影像。你不需要考虑太多，跟着节奏，你会情不自禁地抖动着你的双腿，闭上眼睛，感受身体下沉的快感，这就是Motorama 会给你所带来的震撼。</span></p><p><br></p><p><img src='https://s2.showstart.com/img/2019/20190507/3b98d7773ed642e1811130da8edd3825_640_640_70753.0x0.jpg?imageMogr2/thumbnail/640x/gravity/Center/crop/640x' title='/img/2019/20190507/3b98d7773ed642e1811130da8edd3825_640_640_70753.0x0.jpg' alt=''></p><p><br></p><p><span style='font-size: 14px; font-family: 宋体, SimSun;'>当你想到俄罗斯音乐人的时候，你可能会想起t.A.T.u。或者，如果你也许更倾向于古典主义音乐，你可以选择拉赫曼尼诺夫。但你需要重新思考，因为2017年的俄罗斯不仅是后朋克复兴和盯鞋风潮的温床，它还创造了自Joy Division和My Bloody Valentine等乐队鼎盛时期以来最优秀的一些后朋克风格。Human Tetris、Manicure、Brandenburg就是近年涌现出来的一些非常优秀的后朋克大团。</span></p><p><span style='font-size: 14px; font-family: 宋体, SimSun;'>而Motorama就是其中的典型代表乐队之一，乐队于2005年成立于罗斯托夫，一个游离于莫斯科和圣彼得堡文化中心之外的港口城市，以它的粗犷闻名，罗斯托夫似乎是Motorama产生情感的惊人能力的理想背景，如失望和焦虑的情感。2011年，他们走出神秘遥远的家乡，年年排满欧州巡演行程，写下「 cold wave Stakhanovists and tireless workaholics 」酷冷战斗民族不休不歇无敌的神话。</span></p><p><span style='font-size: 14px; font-family: 宋体, SimSun;'>Motorama这个名字，来自90年代初美国一部同名独立电影，翻译成中文是寻梦之旅的意思。2012年乐队被法国独立厂牌Talitres相中，并在厂牌下发行了乐队第二张录音室专辑《Calendar》。《Calendar》让这支连在俄罗斯都名不见经传的团，火遍了整个欧洲后朋克音乐圈。</span></p><p><span style='font-size: 14px; font-family: 宋体, SimSun;'>他们不断受邀参加各类音乐节，并且在欧洲各地举办多场巡回演出，是目前在欧洲最有影响力的俄罗斯独立乐团。乐队秉承着目前独立音乐人最热衷的DIY精神，凡事都亲力亲为，就连巡演海报的各种细节也要在他们的审美认知之内。所以这次的巡演海报自然也是他们亲自操刀的啦。</span></p><p><span style='font-size: 14px; font-family: 宋体, SimSun;'>法国独立厂牌Talitres出版之专辑《Alps》与《Calendar》，不仅掳获The Drums吉他手Jacob Graham的心，于英国第一线音乐报导权威 NME 专文推荐，同时也令各大乐评惊艳，认为他们出身俄罗斯，却带来Factory Records时期的曼彻斯特之音，无疑是自Interpol之后，又一支让人误会是来自英国的后朋克乐团。</span></p><p><span style='font-size: 14px; font-family: 宋体, SimSun;'>2017年，Motorama来到了神秘的东方古国，造访了北京、上海、武汉、深圳、广州五城，期间还登上了国内著名户外音乐节混凝草的舞台，凭借充满燃情和炸裂的现场吸粉无数。</span></p><p><span style='font-size: 14px; font-family: 宋体, SimSun;'>2018年，乐队发行了第五张录音室专辑《Many Nights》，获得如潮好评，并进行了大规模的欧洲巡演。</span></p><p><br></p><p><img src='https://s2.showstart.com/img/2019/20190507/1deaa6a7d1a44fd98f527b5d1df08618_1440_1080_345640.0x0.jpg?imageMogr2/thumbnail/640x/gravity/Center/crop/640x' title='/img/2019/20190507/1deaa6a7d1a44fd98f527b5d1df08618_1440_1080_345640.0x0.jpg' alt=''></p><p><br></p><p><span style='font-size: 14px; font-family: 宋体, SimSun;'>今年六月Stella Promotions依旧携手薄荷计划，联合夏日公园邀请我们的老朋友Motorama再度来华，让我们在现场一起躁动吧！</span></p><p><br></p><p><br></p><p><br></p><p style='margin-top:0;margin-right:0;margin-bottom:0;margin-left:0;text-indent:0;padding:0 0 0 0 ;text-autospace:ideograph-numeric;text-align:justify;text-justify:inter-ideograph;line-height:150%'><strong><span style='font-family: 宋体;line-height: 150%;letter-spacing: 0;font-size: 14px'><span style='font-family:宋体'>购票须知</span></span></strong></p><p style='margin-top:0;margin-right:0;margin-bottom:0;margin-left:0;text-indent:0;padding:0 0 0 0 ;text-autospace:ideograph-numeric;text-align:justify;text-justify:inter-ideograph;line-height:150%'><strong><span style='font-family: 宋体;line-height: 150%;letter-spacing: 0;font-size: 14px'>1.本场演出不支持退换票，如无法正常观看，还请自行处理，给您带来不便敬请谅解；</span></strong></p><p style='margin-top:0;margin-right:0;margin-bottom:0;margin-left:0;text-indent:0;padding:0 0 0 0 ;text-autospace:ideograph-numeric;text-align:justify;text-justify:inter-ideograph;line-height:150%'><strong><span style='font-family: 宋体;line-height: 150%;letter-spacing: 0;font-size: 14px'>2.本场演出凭电子票二维码核验入场，无实体票，场地内不设座位，均为站席观演；</span></strong></p><p style='margin-top:0;margin-right:0;margin-bottom:0;margin-left:0;text-indent:0;padding:0 0 0 0 ;text-autospace:ideograph-numeric;text-align:justify;text-justify:inter-ideograph;line-height:150%'><strong><span style='font-family: 宋体;line-height: 150%;letter-spacing: 0;font-size: 14px'>3.请勿发布任何形式的转票信息。</span></strong></p><p><br></p>"),
    (NULL,"【售罄】醒山全长专辑2019巡演 上海站","<p style='text-align: left;'><strong><span style='font-size: 14px; font-family: 宋体, SimSun;'>演出艺人：<span style='font-size: 14px; background-color: rgb(255, 255, 255); font-family: 宋体, SimSun;'>醒山Awake Mountains</span></span></strong></p><p style='text-align: left;'><strong><span style='font-size: 14px; font-family: 宋体, SimSun;'>演出场地：上海 育音堂音乐公园</span></strong></p><p><br></p><p><br></p><p><br></p><p style='text-align: left;'><span style='font-size: 14px; font-family: 宋体, SimSun;'>2019醒山乐队全长专辑巡演</span></p><p><br></p><p style='text-align: left;'><img src='https://s2.showstart.com/img/2019/20190331/4ba82b889e634b62a02fd971c4f88e4e_1920_1080_289101.0x0.jpg?imageMogr2/thumbnail/640x/gravity/Center/crop/640x' title='/img/2019/20190331/4ba82b889e634b62a02fd971c4f88e4e_1920_1080_289101.0x0.jpg' alt=''></p><p><br></p><p style='text-align: left;'><span style='font-size: 14px; font-family: 宋体, SimSun;'>整张专辑的所有曲目汇总成了醒山想要传达给人们的理念和信息：人，生来即两面性，“一面虑忧他，一面难自拔；心生山野，醒于市井”谓之醒山。</span></p><p style='text-align: left;'><span style='font-size: 14px; font-family: 宋体, SimSun;'>&nbsp;</span></p><p style='text-align: left;'><span style='font-size: 14px; font-family: 宋体, SimSun;'>从乐队创立之初到现在两年多的时间，算是给自己和乐迷交上了一份暂时性的答卷。这张专辑其实严格意义上来讲是2018年一年的时间创作完成的，中间所有付出的精力和心血也随着我们完成了专辑录制之后化作动力和勇气。但我们不会拘泥于此，未来的日子里，我们会保证高质量的音乐产出。</span></p><p><br></p><p style='text-align: left;'><img src='https://s2.showstart.com/img/2019/20190331/78db6766e23e4ab89198a6538009bc64_2480_3508_2573968.0x0.jpg?imageMogr2/thumbnail/640x/gravity/Center/crop/640x' title='/img/2019/20190331/78db6766e23e4ab89198a6538009bc64_2480_3508_2573968.0x0.jpg' alt=''></p><p><br></p><p style='text-align: left;'><span style='font-size: 14px; font-family: 宋体, SimSun;'>醒山AwakeMountains</span></p><p style='text-align: left;'><span style='font-size: 14px; font-family: 宋体, SimSun;'>成立于2016年底，含义在于山脉本是静默不语但却肃穆威严。而当沉睡的深山睁开双眼，当脚下传来大地的心跳，AwakeMountains用硬朗而澄澈柔美的风格让你感受到圣洁的自然之恩。用深邃绵长的爱去包容世间万物，如醒山般到来。</span></p><p><br></p><p style='text-align: left;'><img src='https://s2.showstart.com/img/2019/20190331/6da37adbd130451299d02b4d9bf7236d_3997_2250_8578734.0x0.jpg?imageMogr2/thumbnail/640x/gravity/Center/crop/640x' title='/img/2019/20190331/6da37adbd130451299d02b4d9bf7236d_3997_2250_8578734.0x0.jpg' alt=''></p><p><br></p><p style='text-align: left;'><span style='font-size: 14px; font-family: 宋体, SimSun;'>乐队两年多时间，在全国范围内参加livehouse及音乐节数场，得到广泛好评。在全国歌迷心中也拥有牢固的位置。音乐以中文为主，开创属于醒山的“中文核”风格，已经成为当下最热的国核之一，正以不可阻挡的姿态与世界接轨</span></p><p><br></p><p style='text-align: left;'><img src='https://s2.showstart.com/img/2019/20190331/aa7c22296b574db186f261f4851fec8d_4032_2268_2732393.0x0.jpg?imageMogr2/thumbnail/640x/gravity/Center/crop/640x' title='/img/2019/20190331/aa7c22296b574db186f261f4851fec8d_4032_2268_2732393.0x0.jpg' alt=''></p><p><br></p><p style='text-align: left;'><span style='font-size: 14px; font-family: 宋体, SimSun;'>2018年3月推出单曲《她》,前卫的编曲让该歌曲迅速在网络上拥有了大批的点击量.主唱曹程玮创作的歌词,句句扎入人心,也让《她》在乐迷群中传唱开来.</span></p><p><br></p><p style='text-align: left;'><img src='https://s2.showstart.com/img/2019/20190331/6a23627b9ca142408e9925e2d30a2fd8_1620_1080_135536.0x0.jpg?imageMogr2/thumbnail/640x/gravity/Center/crop/640x' title='/img/2019/20190331/6a23627b9ca142408e9925e2d30a2fd8_1620_1080_135536.0x0.jpg' alt=''></p><p><br></p><p style='text-align: left;'><span style='font-size: 14px; font-family: 宋体, SimSun;'>2019年5月24日全长专辑《醒山》首发专场.</span></p><p style='text-align: left;'><span style='font-size: 14px; font-family: 宋体, SimSun;'>&nbsp;</span></p><p style='text-align: left;'><span style='font-size: 14px; font-family: 宋体, SimSun;'>乐队成员：</span></p><p style='text-align: left;'><span style='font-size: 14px; font-family: 宋体, SimSun;'>主唱：曹程玮</span></p><p style='text-align: left;'><span style='font-size: 14px; font-family: 宋体, SimSun;'>吉他：张頔</span></p><p style='text-align: left;'><span style='font-size: 14px; font-family: 宋体, SimSun;'>吉他：司曌撼</span></p><p style='text-align: left;'><span style='font-size: 14px; font-family: 宋体, SimSun;'>贝斯：甘云</span></p><p style='text-align: left;'><span style='font-size: 14px; font-family: 宋体, SimSun;'>鼓：赵梦涛</span></p><p><br></p><p style='text-align: left;'><img src='https://s2.showstart.com/img/2019/20190331/078e7f85a1b042b7b4fe50d657ab8b05_1920_1080_414785.0x0.jpg?imageMogr2/thumbnail/640x/gravity/Center/crop/640x' title='/img/2019/20190331/078e7f85a1b042b7b4fe50d657ab8b05_1920_1080_414785.0x0.jpg' alt=''></p><p style='text-align: left;'><br></p><p style='text-align: left;'><br></p><p style='text-align: left;'><br></p><p><strong><span style='font-size: 14px; font-family: 宋体, SimSun;'>购票须知</span></strong></p><p><strong><span style='font-size: 14px; font-family: 宋体, SimSun;'>1.本场演出不支持退换票，如无法正常观看，还请自行处理，给您带来不便敬请谅解；</span></strong></p><p><strong><span style='font-size: 14px; font-family: 宋体, SimSun;'>2.本场演出凭电子票二维码核验入场，无实体票，场地内不设座位，均为站席观演；</span></strong></p><p><strong><span style='font-size: 14px; font-family: 宋体, SimSun;'>3.秀动网严禁发布任何形式的转票、求票及个人联系信息，秀动网有权取消违规者订单、留言（情节严重的将进行禁言直至账户冻结处罚）。</span></strong></p>"),
    (NULL,"6月7日—6月8日 重庆Limitless PARTY 3rd Live 极次元动漫音乐派对","<p style='margin-top:0;margin-right:0;margin-bottom:0;margin-left:0;text-indent:0;padding:0 0 0 0 ;text-align:justify;text-justify:inter-ideograph'><br></p><p><span style='font-family: 宋体, SimSun; font-size: 14px;'>活动时间：</span></p><p><span style='font-family: 宋体, SimSun; font-size: 14px;'>6.7日 10：00-22:00</span></p><p><span style='font-family: 宋体, SimSun; font-size: 14px;'>6.8日 10：00-18:00</span></p><p><br></p><p><img src='https://s2.showstart.com/img/2019/20190428/a3f00d5688e44ce199d2acf112531c68_1080_3570_936128.0x0.jpg?imageMogr2/thumbnail/640x/gravity/Center/crop/640x' title='/img/2019/20190428/a3f00d5688e44ce199d2acf112531c68_1080_3570_936128.0x0.jpg' alt=''></p><p><img src='https://s2.showstart.com/img/2019/20190428/5f66e42134c64440829272648081b71a_1079_3645_997806.0x0.jpg?imageMogr2/thumbnail/640x/gravity/Center/crop/640x' title='/img/2019/20190428/5f66e42134c64440829272648081b71a_1079_3645_997806.0x0.jpg' alt=''></p><p><img src='https://s2.showstart.com/img/2019/20190428/73be38aad59a47dd87850cb44bcd2f1d_1079_3650_857193.0x0.jpg?imageMogr2/thumbnail/640x/gravity/Center/crop/640x' title='/img/2019/20190428/73be38aad59a47dd87850cb44bcd2f1d_1079_3650_857193.0x0.jpg' alt=''></p><p><img src='https://s2.showstart.com/img/2019/20190428/2d97bdf0fe554715aa6f1e236607fb02_1080_3627_1087689.0x0.jpg?imageMogr2/thumbnail/640x/gravity/Center/crop/640x' title='/img/2019/20190428/2d97bdf0fe554715aa6f1e236607fb02_1080_3627_1087689.0x0.jpg' alt=''></p><p><img src='https://s2.showstart.com/img/2019/20190428/243107fd65f74e46835fbdc08d710e78_1079_3639_919494.0x0.jpg?imageMogr2/thumbnail/640x/gravity/Center/crop/640x' title='/img/2019/20190428/243107fd65f74e46835fbdc08d710e78_1079_3639_919494.0x0.jpg' alt=''></p><p><img src='https://s2.showstart.com/img/2019/20190428/26ced47fd2dd404a9aabeca05b7f9865_1079_3643_1105390.0x0.jpg?imageMogr2/thumbnail/640x/gravity/Center/crop/640x' title='/img/2019/20190428/26ced47fd2dd404a9aabeca05b7f9865_1079_3643_1105390.0x0.jpg' alt=''></p><p><img src='https://s2.showstart.com/img/2019/20190428/ae5e2c7cfb79424991f33575322b12fd_1080_2057_719308.0x0.jpg?imageMogr2/thumbnail/640x/gravity/Center/crop/640x' title='/img/2019/20190428/ae5e2c7cfb79424991f33575322b12fd_1080_2057_719308.0x0.jpg' alt=''></p><p><img src='https://s2.showstart.com/img/2019/20190428/76b91eacb43945a084f9d25cf9d4cd5d_1080_3604_826161.0x0.jpg?imageMogr2/thumbnail/640x/gravity/Center/crop/640x' title='/img/2019/20190428/76b91eacb43945a084f9d25cf9d4cd5d_1080_3604_826161.0x0.jpg' alt=''></p><p><br></p><p><br></p><p><strong><span style='font-family: 宋体, SimSun; font-size: 14px;'>购票须知</span></strong></p><p><strong><span style='font-family: 宋体, SimSun; font-size: 14px;'>1.本场演出不支持退换票，如无法正常观看，还请自行处理，给您带来不便敬请谅解；</span></strong></p><p><strong><span style='font-family: 宋体, SimSun; font-size: 14px;'>2.本场演出凭电子票二维码核验入场，无实体票，场地内不设座位，均为站席观演；</span></strong></p><p><strong><span style='font-family: 宋体, SimSun; font-size: 14px;'>3.请勿发布任何形式的转票信息。</span></strong></p><p><br></p>");


-- 想看演出的人
CREATE TABLE wants(
    wid INT PRIMARY KEY AUTO_INCREMENT,
    -- 关联演出
    shid INT, 
    -- 关联用户
    uid  INT 
);
INSERT INTO wants VALUES
    (NULL,4,1),(NULL,13,2),(NULL,6,1),(NULL,9,2),(NULL,17,2),(NULL,6,2),(NULL,15,1),(NULL,5,1),(NULL,11,2),(NULL,8,2),(NULL,7,2),(NULL,19,2),(NULL,4,3),(NULL,18,1),(NULL,20,4),(NULL,16,2),(NULL,17,2),(NULL,6,4),(NULL,11,2),(NULL,12,4),(NULL,12,3),(NULL,16,1),(NULL,5,4),(NULL,6,1),(NULL,10,4),(NULL,12,4),(NULL,11,2),(NULL,5,1),(NULL,4,3),(NULL,2,2),(NULL,18,2),(NULL,14,3),(NULL,10,1),(NULL,19,1),(NULL,14,4),(NULL,7,2),(NULL,15,4),(NULL,8,3),(NULL,4,2),(NULL,7,3),(NULL,6,2),(NULL,11,1),(NULL,16,2),(NULL,3,4),(NULL,7,4),(NULL,19,4),(NULL,19,1),(NULL,14,1),(NULL,9,4),(NULL,8,1),(NULL,14,4),(NULL,17,4),(NULL,7,4),(NULL,3,2),(NULL,7,4),(NULL,8,4),(NULL,20,1),(NULL,13,1),(NULL,5,4),(NULL,19,4);
-- 艺人与演出关联表
CREATE TABLE arshows(
    asid INT PRIMARY KEY AUTO_INCREMENT,
    -- 关联艺人
    arid INT,
    -- 关联演出
    shid INT
);
INSERT INTO arshows VALUES
    (NULL,4,1),(NULL,13,2),(NULL,6,1),(NULL,9,2),(NULL,17,2),(NULL,6,2),(NULL,15,1),(NULL,5,1),(NULL,11,2),(NULL,8,2),(NULL,7,2),(NULL,19,2),(NULL,4,3),(NULL,18,1),(NULL,20,4),(NULL,16,2),(NULL,17,2),(NULL,6,4),(NULL,11,2),(NULL,12,4),(NULL,12,3),(NULL,16,1),(NULL,5,4),(NULL,6,1),(NULL,10,4),(NULL,12,4),(NULL,11,2),(NULL,5,1),(NULL,4,3),(NULL,2,2),(NULL,18,2),(NULL,14,3),(NULL,10,1),(NULL,19,1),(NULL,14,4),(NULL,7,2),(NULL,15,4),(NULL,8,3),(NULL,4,2),(NULL,7,3),(NULL,6,2),(NULL,11,1),(NULL,16,2),(NULL,3,4),(NULL,7,4),(NULL,19,4),(NULL,19,1),(NULL,14,1),(NULL,9,4),(NULL,8,1),(NULL,14,4),(NULL,17,4),(NULL,7,4),(NULL,3,2),(NULL,7,4),(NULL,8,4),(NULL,20,1),(NULL,13,1),(NULL,5,4),(NULL,19,4),(NULL,12,6),(NULL,6,6),(NULL,19,1),(NULL,5,5),(NULL,16,14),(NULL,15,11),(NULL,4,1),(NULL,4,10),(NULL,2,4),(NULL,1,14),(NULL,5,4),(NULL,10,4),(NULL,4,1),(NULL,15,10),(NULL,20,1),(NULL,20,7),(NULL,5,12),(NULL,6,9),(NULL,14,12),(NULL,4,14),(NULL,16,20),(NULL,16,16),(NULL,16,18),(NULL,14,7),(NULL,13,17),(NULL,10,2),(NULL,13,20),(NULL,6,6),(NULL,1,4),(NULL,7,14),(NULL,15,12),(NULL,16,4),(NULL,15,17),(NULL,7,3),(NULL,1,2),(NULL,7,17),(NULL,2,5),(NULL,1,3),(NULL,14,10),(NULL,10,18),(NULL,7,13),(NULL,20,2),(NULL,11,4),(NULL,5,4),(NULL,14,13),(NULL,18,9),(NULL,15,13),(NULL,11,6),(NULL,4,2),(NULL,7,18),(NULL,2,6),(NULL,4,3),(NULL,13,1),(NULL,19,12),(NULL,5,5),(NULL,10,20),(NULL,1,18),(NULL,3,13),(NULL,13,3),(NULL,7,17),(NULL,7,12),(NULL,14,18),(NULL,16,20),(NULL,6,7),(NULL,3,4),(NULL,12,1),(NULL,7,19),(NULL,6,11),(NULL,2,11),(NULL,2,3),(NULL,17,3),(NULL,12,20),(NULL,9,20),(NULL,9,2),(NULL,16,19),(NULL,2,14),(NULL,13,13),(NULL,3,13),(NULL,17,6),(NULL,2,7),(NULL,9,11),(NULL,8,11),(NULL,19,7),(NULL,10,10),(NULL,12,2),(NULL,20,13),(NULL,13,20),(NULL,8,12),(NULL,17,10),(NULL,4,2),(NULL,12,19),(NULL,14,12),(NULL,19,14),(NULL,16,5),(NULL,19,19),(NULL,17,7),(NULL,3,11),(NULL,11,17),(NULL,8,13),(NULL,14,11),(NULL,9,10),(NULL,9,12),(NULL,10,15),(NULL,19,8),(NULL,19,2),(NULL,5,2),(NULL,10,18),(NULL,16,12),(NULL,5,7),(NULL,1,6),(NULL,8,17),(NULL,15,4),(NULL,7,10),(NULL,20,15),(NULL,12,17),(NULL,3,13),(NULL,8,18),(NULL,7,4),(NULL,16,10),(NULL,16,7);
-- 演出现场
CREATE TABLE venues(
    vid INT PRIMARY KEY AUTO_INCREMENT,
    vname VARCHAR(32),
    vphone VARCHAR(11),
    vaddress  VARCHAR(64),
    vpic VARCHAR(128),
    cid INT
);
-- 1~44
INSERT INTO venues VALUES
    (1,"蘑菇空间.MoguSpace","13651253655","北京市海淀区北下关交大东路66号钻河中心2号楼102号蘑菇商店","⁨image⁩/show_performance⁩/01MoguSpace.jpg",1),
    (2,"PINKMOON.樂暮","13651253655","东城区南锣鼓巷雨儿胡同2号{非遗博物馆}2楼{靠近中央戏剧学院}",
   "⁨image⁩/show_performance⁩/02PINKMOON.jpg",1),
    (3,"MAO Livehouse北京","010-68156770","海淀区复兴路69号院2号136-G23Mao livehouse",
   "⁨image⁩/show_performance⁩/03MAOLivehouse.jpg",1),
    (4,"疆进酒·OMNI SPACE","13241688210","北京市海淀区北下关交大东路66号钻河中心2号楼102号蘑菇商店",
   "⁨image⁩/show_performance⁩/04OMNI SPACE.jpg",1),
    (5,"上海 MAO Livehouse","021-64450086","上海市黄浦区重庆南路308号3楼","⁨image⁩/show_performance⁩/06shanghaiMao.jpg",2),
    (6,"育音堂音乐公园","021—52378662","上海市长宁区愚园路1398号地下一层B1-02","⁨image⁩/show_performance⁩/07yyt.jpg",2),
    (7,"上海 MODERNSKY LAB","65807180","上海市虹口区瑞虹天地月亮湾3楼ModernSkyLAB摩登天空","⁨image⁩/show_performance⁩/08modlab.jpg",2),
    (8,"育音堂","021-52378662","长宁区凯旋路851号","⁨image⁩/show_performance⁩/09yyt.jpg",3),
    (9,"MAO Livehouse广州","18816894336","广州市海珠区新港东路1088号六元素体验天地一层 MAO Livehouse广州","⁨image⁩/show_performance⁩/10gzmao.jpg",3),
    (10,"江苏大剧院歌剧厅","123666666666","江苏省南京市建邺区梦都大街181号江苏大剧院","⁨image⁩/show_performance⁩/45jsdjy.jpg",11),
    (11,"TU凸空间","12345678900","广州大道中361-365号东方花苑大厦首层TU凸空间","⁨image⁩/show_performance⁩/11tu.jpg",3),
    (12,"SDlivehouse","12366666666","广东省广州市海珠区工业大道北32号花城往事","⁨image⁩/show_performance⁩/12sd.jpg",3),
    (13,"191space","123666666666","广州市越秀区广州大道中路191号(近五羊村地铁站A出口)191Space酒吧","⁨image⁩/show_performance⁩/13space.jpg",3),
    (14,"NU SPACE","18602858900","四川省成都市青羊区奎星楼街9号，明堂创意工作区-B区•NU SPACE ","⁨image⁩/show_performance⁩/14nu.jpg",4),
    (15,"小酒馆芳沁店","123666666666","永丰路47号丰尚玉林商务港1楼小酒馆(芳沁店)","⁨image⁩/show_performance⁩/15xjg.jpg",4),
    (16,"乐空间 - 成都店","123666666666","四川省成都市龙泉驿区外东洪路成都乐空间space","⁨image⁩/show_performance⁩/16lkj.jpg",4),
    (17,"正火艺术中心1号馆","123666666666","成都·东洪路666号梵木创艺区·正火艺术中心","⁨image⁩/show_performance⁩/17zhys.jpg",4),
    (18,"HOU LIVE","123666666666","深圳市福田区滨河大道9289号KK ONE购物中心负一层B112a（地铁9号线下沙站B出口）","⁨image⁩/show_performance⁩/18hou.jpg",5),
    (19,"B10现场","123666666666","南山区香山东街华侨城创意文化园北区C2栋北侧B10现场","⁨image⁩/show_performance⁩/19b10.jpg",5),
    (20,"南山文体中心剧院大剧院","123666666666","深圳市南山区南山大道南山文体中心","⁨image⁩/show_performance⁩/20nan.jpg",5),
    (21,"红糖罐Public现场（上步店）","123666666666","广东省深圳市福田区上步南路1031号红糖罐live上步店","⁨image⁩/show_performance⁩/21red.jpg",5),
    (22,"杭州 MAO Livehouse","123666666666","浙江省杭州市上城区中山南路77号尚城1157三楼MAOLiveHouse杭州","⁨image⁩/show_performance⁩/22hzmao.jpg",6),
    (23,"酒球会","123666666666","杭州市西湖区万塘路262号酒球会(杭州店)","⁨image⁩/show_performance⁩/23jqh.jpg",6),
    (24,"Loopy","123666666666","杭州市上城区中山南路77号利星名品广场F3Loopy","⁨image⁩/show_performance⁩/24loopy.jpg",6),
    (25,"HILivehouse","123666666666","杭州市江干区晓城天地潮玩馆3楼","⁨image⁩/show_performance⁩/25hil",6),
    (26,"武汉 VOX LIVEHOUSE","123666666666","鲁磨路118号国光大厦VOX LIVEHOUSE","⁨image⁩/show_performance⁩/26vox.jpg",7),
    (27,"武汉 L7 Livehouse","123666666666","湖北省武汉市洪山区珞狮路421-1号L7Livehouse","⁨image⁩/show_performance⁩/27l7.jpg",7),
    (28,"武汉剧院","123666666666","江岸区解放大道1012号","⁨image⁩/show_performance⁩/28whjy.jpg",7),
    (29,"湖北剧院","123666666666","武汉市武昌阅马场西厂口1号","⁨image⁩/show_performance⁩/29hbjy.jpg",7),
    (30,"西安 1935 livehouse","13572124398","西安市新城区太华南路251号1935小剧场集群壹剧场","⁨image⁩/show_performance⁩/301935.jpg",8),
    (31,"无穹俱乐部","123666666666","文昌门古玩城无穹俱乐部","⁨image⁩/show_performance⁩/31wq.jpg",8),
    (32,"光圈CLUB","123666666666","环城西路南段1号光圈APERTURE CLUB","⁨image⁩/show_performance⁩/32gq.jpg",8),
    (33,"拾陆原创音乐展演中心","123666666666","陕西省西安市雁塔区光泰路6号拾陆原创音乐展演中心","⁨image⁩/show_performance⁩/33slyc.jpg",8),
    (34,"坚果（NUTS）","123666666666","渝中区 较场口90号得意潮馆负一楼B1-21","⁨image⁩/show_performance⁩/34nuts.jpg",9),
    (35,"重庆 VOX LIVEHOUSE","123666666666","重庆市九龙坡区奥体路1号中新小时代KLANDL1层117a-119aVOX LIVEHOUSE","⁨image⁩/show_performance⁩/35vox.jpg",9),
    (36,"重庆 文化宫大剧院","123666666666","重庆市渝中区中山二路174号文化宫-大剧院","⁨image⁩/show_performance⁩/36cqwhg.jpg",9),
    (37,"重庆 寅派动力","123666666666","重庆市九龙坡区奥体路1号城上城·KLAND小时代乐园F5寅派动力·重庆","⁨image⁩/show_performance⁩/37ypdl.jpg",9),
    (38,"VOX LIVEHOUSE长沙","123666666666","湖南省长沙市天心区书院南路 799 号南湖东怡大厦外国生活馆负一楼","⁨image⁩/show_performance⁩/38vox.jpg",10),
    (39,"46LIVEHOUSE","123666666666","长沙市岳麓区新民路52号湘财大厦负一楼","⁨image⁩/show_performance⁩/39sllive.jpg",10),
    (40,"Red Club红咖俱乐部","123666666666","中山路249号琴岛3层红咖俱乐部","⁨image⁩/show_performance⁩/40redc.jpg",10),
    (41,"MAO Livehouse长沙","123666666666","长沙市开福区五一广场黄兴中路 粉巢24H MALL 三楼 L3-01号","⁨image⁩/show_performance⁩/41maocs.jpg",10),
    (42,"欧拉艺术空间","123666666666","阳光路3号(太阳宫演艺广场B1层)欧拉艺术空间","⁨image⁩/show_performance⁩/42olys.jpg",11),
    (43,"稻香音乐空间","123666666666","南京市建邺区南京奥林匹克体育中心内A18柱子对面稻香音乐空间（星巴克旁）","⁨image⁩/show_performance⁩/43dxm.jpg",11),
    (44,"不醉不归","123666666666","南京市玄武区常发广场-4幢 88-142号","⁨image⁩/show_performance⁩/44bzbg.jpg",11);
    
-- 场次
CREATE TABLE tours(
    tourid INT PRIMARY KEY AUTO_INCREMENT,
    -- 关联现场
    vid INT, 
    -- 关联演出
    shid INT, 
    -- 总票数
    count INT,
    -- 价格
    price DECIMAL,
    -- 时间
    time BIGINT
);

INSERT INTO tours VALUES
    (NULL, 17, 11, 27, 330, 1571900823000 ),(NULL, 39, 3, 81, 770, 1569793964000 ),(NULL, 19, 12, 31, 730, 1570381734000 ),(NULL, 43, 3, 59, 420, 1565635298000 ),(NULL, 15, 19, 5, 400, 1571736460000 ),(NULL, 38, 5, 45, 240, 1560694422000 ),(NULL, 23, 8, 53, 1060, 1567873250000 ),(NULL, 13, 10, 67, 1080, 1570058909000 ),(NULL, 25, 6, 10, 530, 1563080757000 ),(NULL, 28, 8, 67, 420, 1561420608000 ),(NULL, 43, 9, 70, 440, 1561343130000 ),(NULL, 41, 14, 45, 350, 1576095146000 ),(NULL, 2, 11, 77, 310, 1563797667000 ),(NULL, 26, 16, 77, 550, 1562292816000 ),(NULL, 40, 6, 12, 670, 1575748286000 ),(NULL, 26, 9, 1, 910, 1568451746000 ),(NULL, 14, 17, 69, 990, 1567936915000 ),(NULL, 36, 20, 30, 750, 1574241533000 ),(NULL, 4, 13, 16, 410, 1566120870000 ),(NULL, 3, 16, 30, 920, 1573129650000 ),(NULL, 34, 1, 75, 400, 1569451663000 ),(NULL, 25, 15, 49, 1070, 1572947371000 ),(NULL, 37, 19, 64, 620, 1561797447000 ),(NULL, 24, 7, 87, 200, 1569518541000 ),(NULL, 32, 8, 78, 480, 1571412143000 ),(NULL, 27, 14, 98, 260, 1576898117000 ),(NULL, 5, 4, 19, 1010, 1574847311000 ),(NULL, 16, 4, 24, 760, 1574379950000 ),(NULL, 27, 12, 68, 850, 1559915435000 ),(NULL, 7, 17, 29, 490, 1574304228000 ),(NULL, 27, 12, 13, 250, 1565071162000 ),(NULL, 8, 5, 29, 880, 1560655027000 ),(NULL, 40, 18, 55, 250, 1569221684000 ),(NULL, 40, 12, 76, 680, 1566481910000 ),(NULL, 19, 16, 34, 970, 1575819680000 ),(NULL, 26, 19, 94, 850, 1567405557000 ),(NULL, 16, 14, 49, 400, 1573911412000 ),(NULL, 21, 11, 17, 170, 1564220925000 ),(NULL, 14, 14, 23, 1040, 1561207830000 ),(NULL, 42, 13, 87, 870, 1577043507000 ),(NULL, 13, 1, 82, 250, 1571760092000 ),(NULL, 31, 4, 73, 200, 1572879991000 ),(NULL, 12, 17, 59, 200, 1561328627000 ),(NULL, 22, 13, 17, 630, 1576277159000 ),(NULL, 26, 12, 73, 550, 1571320595000 ),(NULL, 38, 14, 32, 240, 1563870620000 ),(NULL, 32, 2, 2, 180, 1576424011000 ),(NULL, 21, 18, 24, 230, 1565023316000 ),(NULL, 36, 18, 68, 960, 1572187026000 ),(NULL, 21, 2, 88, 980, 1561729865000 ),(NULL, 13, 17, 74, 710, 1571068845000 ),(NULL, 19, 5, 14, 950, 1560056154000 ),(NULL, 37, 6, 80, 1080, 1572787333000 ),(NULL, 3, 9, 89, 960, 1575959568000 ),(NULL, 21, 5, 86, 710, 1569433335000 ),(NULL, 26, 2, 42, 1020, 1562838311000 ),(NULL, 24, 3, 22, 490, 1569115025000 ),(NULL, 25, 11, 69, 690, 1577424100000 ),(NULL, 4, 16, 89, 990, 1561695330000 ),(NULL, 7, 17, 4, 590, 1564792328000 );
-- 订单
CREATE TABLE orders(
    oid INT PRIMARY KEY AUTO_INCREMENT,
    -- 关联用户
    uid INT, 
    time BIGINT
);
-- 购票明细
CREATE TABLE tickets(
    tkid INT PRIMARY KEY AUTO_INCREMENT,
    -- 关联场次
    tourid INT, 
    count INT,
    -- 关联订单
    oid INT
);
-- 购物车
CREATE TABLE cartitems(
    iid INT PRIMARY KEY AUTO_INCREMENT,
    -- 关联场次
    tourid INT, 
    count INT,
    -- 关联用户
    uid INT
);












